,State,Year,GW_Level,Tr_State,Post,DiD,Rainfall_June,RainyDays_June,Rainfall_May,RainyDays_May,Rainfall_P1,RainyDays_P1,Rainfall_P2,RainyDays_P2,Temp_June,Temp_May,Temp_P1,Temp_P2,Time_To_Treatment,Log_GW_Level,Log_Rainfall_May,Log_Temp_May,GSDP,AgGDP,Population,SoD,RiceT,RiceK
1,Andhra Pradesh,2002,6.086199217,0,0,0,104.3729515,30,34.06069249,31,11.30040332,41,161.1766216,41,302.451415,305.03792,302.6092768,298.3371017,-7,1.806023785,3.528144006,5.720436097,NA,NA,NA,NA,1867.16,1354.72
2,Andhra Pradesh,2003,7.691005523,0,0,0,71.89496447,30,3.54003905,31,34.80882869,41,131.0876862,41,304.0490603,305.9464539,302.7142683,298.9127802,-6,2.040051532,1.264137758,5.723410099,NA,NA,NA,NA,1957.32,1367.87
3,Andhra Pradesh,2004,6.754107267,0,0,0,124.8667792,30,111.7045795,31,22.96051928,39,108.2240848,41,302.4649013,302.9205758,303.023022,298.5102234,-5,1.910150804,4.715857704,5.713470645,13476688,3224006,NA,38,2227.69,1564.24
4,Andhra Pradesh,2005,7.408788612,0,0,0,73.02365936,30,37.94519625,31,34.76985117,41,272.2482766,41,303.852855,304.523099,302.5903417,297.8002334,-4,2.002666946,3.636142915,5.718746943,14197662,3280413,NA,NA,2520.72,1595.2
5,Andhra Pradesh,2006,5.415485014,0,0,0,139.6372069,30,80.68934795,31,40.65195193,41,210.6064481,41,302.4766773,303.8934358,302.165912,298.7551739,-3,1.689262445,4.390606571,5.7166771,15738632,3633146,46897.375,NA,2488.9,1681.06
6,Andhra Pradesh,2007,6.175903734,0,0,0,289.264691,30,43.29010034,31,19.49083954,41,127.6440939,40,301.9815187,304.9123155,302.1829607,298.4896417,-2,1.820655225,3.767923979,5.720024245,17802768,4799822,NA,NA,2576,1734
7,Andhra Pradesh,2008,5.130287626,0,0,0,84.93460066,30,27.99170556,31,121.1448816,40,124.8372967,40,302.517559,305.0541987,301.1772412,298.766042,-1,1.635161725,3.331908236,5.720489462,18182940,5349301,NA,NA,2695.73,1777.37
8,Andhra Pradesh,2009,5.752172817,0,1,0,62.38864786,30,62.88925744,31,9.656175424,41,115.4147874,40,303.594908,304.4045184,302.4539444,299.4981744,0,1.749577665,4.141375361,5.718357469,NA,NA,NA,NA,2325.74,1468
9,Andhra Pradesh,2010,4.875345584,0,1,0,151.6054214,30,115.7687016,31,7.280857755,41,265.9522472,41,302.8650873,304.6557297,303.329501,299.0509217,1,1.584190991,4.751594249,5.719182384,NA,NA,NA,NA,NA,NA
10,Andhra Pradesh,2011,4.747974433,0,1,0,63.94600111,30,31.23798285,31,16.10210886,41,83.91235538,40,302.7916423,304.5062587,301.872058,299.1464371,2,1.557718092,3.441634753,5.718691641,NA,NA,NA,NA,NA,NA
11,Andhra Pradesh,2012,6.095813556,0,1,0,84.30082572,30,25.3095289,31,9.993605943,41,156.80531,41,303.731056,305.0381777,302.5788473,298.6846341,3,1.807602233,3.231180961,5.720436942,NA,NA,NA,NA,NA,NA
12,Andhra Pradesh,2013,5.724679241,0,1,0,159.2455062,30,22.75835022,31,7.486326404,41,205.6240275,41,302.0892063,305.1712087,302.8374122,298.6110707,4,1.74478652,3.124932121,5.720872959,NA,NA,NA,NA,NA,NA
13,Andhra Pradesh,2014,5.140372937,0,1,0,68.91896663,30,74.30220862,31,7.093958733,41,149.5671318,40,304.2940283,304.3102281,302.6370676,299.2621427,5,1.637125633,4.308140677,5.718047668,NA,NA,NA,NA,NA,NA
14,Andhra Pradesh,2015,5.828443207,0,1,0,222.7237198,30,40.47654675,31,40.56184832,41,211.3691279,41,302.2354673,305.0824623,302.3528173,299.6699529,6,1.762749933,3.700722714,5.720582108,NA,NA,NA,NA,NA,NA
15,Andhra Pradesh,2016,5.670249402,0,1,0,241.1263111,30,99.21027828,31,3.803419384,40,29.05528096,39,302.1289567,304.8481471,303.9685837,300.1858551,7,1.735233103,4.597241621,5.719813774,NA,NA,NA,NA,NA,NA
16,Assam,2002,3.138020934,0,0,0,566.0112257,30,393.5980488,31,259.9641407,41,123.1286273,41,299.7865397,298.2531448,295.7336885,295.2388612,-7,1.143592325,5.975330208,5.697942605,NA,NA,NA,NA,2540.73,464.52
17,Assam,2003,3.269714714,0,0,0,687.0860803,30,288.1930547,31,280.158553,41,63.41422242,41,299.5345337,298.309689,294.9670207,295.7275924,-6,1.184702738,5.663630584,5.698132172,NA,NA,NA,NA,2529.86,441.17
18,Assam,2004,2.703332433,0,0,0,499.1323953,30,390.0897757,31,543.7707476,41,43.42501429,41,299.7268313,298.6478642,295.3803429,295.0055107,-5,0.994485246,5.966376907,5.699265168,5339771,1158871,NA,22,2383.74,436.25
19,Assam,2005,3.067343966,0,0,0,284.0303692,30,314.2914258,31,295.4570499,41,107.051209,41,300.590874,297.2484635,295.3556771,295.4584446,-4,1.120812029,5.750320663,5.694568367,5521356,1427998,NA,NA,2420.34,398.33
20,Assam,2006,3.181286967,0,0,0,427.8775897,30,324.6798127,31,239.8068023,41,34.40928854,41,299.7715783,299.2178113,295.9275559,295.9028524,-3,1.157285822,5.782839505,5.701171774,5778352,1434835,28931,NA,2196.58,379.45
21,Assam,2007,3.63211279,0,0,0,684.8892028,30,261.0612412,31,241.5937994,41,123.7717843,41,299.7031757,299.7916058,296.1434932,295.7033851,-2,1.289814515,5.56475502,5.703087586,6056720,1557501,NA,NA,2323.99,354.13
22,Assam,2008,NA,0,0,0,516.069748,30,276.0384105,31,249.6659099,41,67.09166208,41,299.890597,299.2642171,295.6885566,295.4443854,-1,NA,5.620540025,5.701326852,6403256,1752517,NA,NA,2484.14,350.68
23,Assam,2009,NA,0,1,0,391.9785212,30,282.4598916,31,167.7215533,40,61.03144791,41,300.520266,299.198809,296.3878302,296.1885505,0,NA,5.643536564,5.701108266,NA,NA,NA,NA,2497.63,340.83
24,Assam,2010,NA,0,1,0,655.0178193,30,543.6171543,31,557.9290082,41,81.95201499,41,299.411305,298.5104029,296.4898393,296.5672002,1,NA,6.298245239,5.698804783,NA,NA,NA,NA,NA,NA
25,Assam,2011,NA,0,1,0,449.2816406,30,443.7733927,31,217.9521515,41,51.30042016,41,300.4941827,298.9370861,295.7562246,295.3465878,2,NA,6.095314055,5.700233137,NA,NA,NA,NA,NA,NA
26,Assam,2012,NA,0,1,0,755.7381905,30,220.5603854,31,221.7072723,41,48.4497089,41,299.8142303,299.4326061,295.7104749,295.239799,3,NA,5.396171514,5.701889371,NA,NA,NA,NA,NA,NA
27,Assam,2013,4.529578573,0,1,0,375.0843358,30,488.4877295,31,208.2727265,41,64.14463933,41,301.3018723,298.4680039,296.3664195,295.157319,4,1.510628905,6.191314352,5.698662737,NA,NA,NA,NA,NA,NA
28,Assam,2014,4.285677409,0,1,0,523.4082495,30,310.8886836,31,84.37856573,41,47.48294557,41,300.7679063,298.73098,296.8900751,296.5336015,5,1.455278628,5.739434918,5.699543436,NA,NA,NA,NA,NA,NA
29,Assam,2015,4.240371554,0,1,0,634.3452376,30,345.2634989,31,217.3735998,41,44.50875415,41,299.8657883,298.6452429,296.5288588,295.9253544,6,1.444650896,5.84430789,5.69925639,NA,NA,NA,NA,NA,NA
30,Assam,2016,4.703804577,0,1,0,409.4378658,30,411.8105301,31,344.0987752,41,120.9300575,41,300.7509373,298.3240903,296.361538,297.0001407,7,1.548371666,6.020563365,5.698180447,NA,NA,NA,NA,NA,NA
31,Bihar,2002,4.804379772,0,0,0,192.8797764,30,104.1097896,31,13.98220967,41,44.54999982,41,303.1325537,302.9615132,301.2943932,296.8898129,-7,1.569527954,4.645446011,5.713605778,NA,NA,NA,NA,3584.73,583.28
32,Bihar,2003,4.90557977,0,0,0,322.212502,30,34.44846009,31,29.24255254,40,111.5168472,41,303.4814733,304.7420161,300.8955117,296.9165205,-6,1.590373286,3.539464297,5.71946557,NA,NA,NA,NA,3768.25,744.15
33,Bihar,2004,4.819269222,0,0,0,258.0743986,30,63.69370283,28,11.52603474,37,11.21985248,36,302.9140553,304.8671168,302.0561015,296.2368698,-5,1.572622303,4.154085701,5.719875999,7778116,2067296,NA,39,3140.11,534.52
34,Bihar,2005,5.333750924,0,0,0,153.3454718,30,34.48311022,31,15.55649668,34,68.94739066,34,306.253389,304.3949284,301.136492,296.6500644,-4,1.674054729,3.540469645,5.718325965,7646594,2082723,NA,NA,3251.26,533.24
35,Bihar,2006,5.146712882,0,0,0,242.847548,30,111.6547693,31,38.85831143,41,23.71839017,41,303.2808263,303.9506471,301.1521829,297.4564117,-3,1.638358236,4.715411694,5.716865343,8884017,2714782,93549,NA,3364.04,518.02
36,Bihar,2007,5.282930808,0,0,0,271.9956966,30,60.43927909,31,25.59263241,31,26.82714874,40,303.8110783,304.8368916,300.93338,297.3283822,-2,1.664481021,4.10163921,5.719776852,9377406,2704872,NA,NA,3477.42,524.27
37,Bihar,2008,5.206450026,0,0,0,346.152643,30,93.22321118,31,18.07803198,36,3.106227498,39,302.0870387,304.2645894,301.0883007,297.5749941,-1,1.649898247,4.534996738,5.717897683,10741179,3665967,NA,NA,3495.27,546.87
38,Bihar,2009,5.414329443,0,1,0,127.640173,30,170.356026,31,5.916964909,38,9.224701027,35,305.3786643,303.5372894,301.6122663,297.2293015,0,1.68904904,5.137890518,5.715504467,NA,NA,NA,NA,3124.04,525.89
39,Bihar,2010,5.879835615,0,1,0,152.3847488,30,82.32680582,31,8.84779203,35,54.14281727,41,305.2311513,304.8523174,303.47336,298.1402285,1,1.771528805,4.410696763,5.719827454,NA,NA,NA,NA,NA,NA
40,Bihar,2011,6.076333742,0,1,0,310.4645692,30,84.84208039,31,23.47777877,41,21.71380683,37,303.3183233,303.7377984,300.393562,297.1033383,2,1.804401511,4.440791651,5.716164824,NA,NA,NA,NA,NA,NA
41,Bihar,2012,5.705273278,0,1,0,145.8893893,30,13.76572226,31,21.25161365,41,14.84249212,29,306.1400013,306.3828061,300.1105876,296.3260729,3,1.741390884,2.622181608,5.724835321,NA,NA,NA,NA,NA,NA
42,Bihar,2013,5.508227118,0,1,0,265.3032066,30,121.7132708,31,16.30853326,32,113.9929386,35,303.0962887,304.2165826,301.302501,296.2647134,4,1.706242814,4.801668039,5.71773989,NA,NA,NA,NA,NA,NA
43,Bihar,2014,5.161183684,0,1,0,170.7594162,30,99.20049557,31,3.125342659,35,57.42090074,40,304.8423763,304.8675135,300.8575924,296.6471561,5,1.641165949,4.59714301,5.7198773,NA,NA,NA,NA,NA,NA
44,Bihar,2015,5.292320719,0,1,0,183.4091992,30,46.90814953,31,65.7265202,39,24.12271717,41,304.8390467,304.9325903,299.8842007,297.8474541,6,1.666256849,3.848191424,5.720090737,NA,NA,NA,NA,NA,NA
45,Bihar,2016,5.994228644,0,1,0,202.9894119,30,96.26152981,31,22.04042877,35,5.175810774,36,304.2925963,303.5548935,302.2223944,297.4825515,7,1.790797114,4.567068756,5.715562463,NA,NA,NA,NA,NA,NA
46,Chhattisgarh,2002,7.344051022,0,0,0,225.4065563,30,9.447038078,28,17.89370203,41,36.84674446,37,302.4385023,307.0128358,302.3353871,296.6084259,-7,1.993890601,2.245701261,5.726889557,NA,NA,NA,NA,3777.66,3777.66
47,Chhattisgarh,2003,7.683731831,0,0,0,188.2908672,30,0.819000288,27,37.2303203,40,95.00694241,41,304.4934297,307.3983013,301.9781154,296.359932,-6,2.039105345,-0.199670843,5.728144305,NA,NA,NA,NA,3828.99,3828.99
48,Chhattisgarh,2004,6.769645645,0,0,0,242.5070872,30,24.71623941,31,13.34291264,31,20.28424656,35,302.0122717,305.5647377,303.4353959,296.0316107,-5,1.912448744,3.207460494,5.722161664,4786229,705744,NA,20,3843.87,3843.87
49,Chhattisgarh,2005,7.053728969,0,0,0,184.7492959,30,18.36765951,27,9.657118249,39,83.63164625,32,305.3870667,305.9788245,302.206791,295.7894629,-4,1.953556409,2.910591483,5.723515899,4940774,890805,NA,NA,3854.37,3854.37
50,Chhattisgarh,2006,7.185329187,0,0,0,127.4443445,30,66.91004809,31,40.43049926,41,46.84462062,40,303.2659933,304.2430239,301.0394461,296.7804773,-3,1.972041334,4.203349152,5.717826803,5859816,967892,23189.5,NA,3905.34,3905.34
51,Chhattisgarh,2007,7.299418978,0,0,0,297.142633,30,15.66469653,31,28.93626749,30,18.39926224,34,302.9509183,305.6962732,301.9522232,296.3529356,-2,1.987794753,2.751409552,5.722592038,6364377,1295565,NA,NA,3902.9,3902.9
52,Chhattisgarh,2008,7.303015331,0,0,0,377.1009246,30,5.401012627,30,63.40370735,39,12.62764805,36,300.7281707,306.1697297,301.221251,297.1799563,-1,1.988287322,1.68658646,5.72413962,6898211,1314267,NA,NA,3928.83,3928.83
53,Chhattisgarh,2009,7.61519685,0,1,0,85.11213182,30,14.65975333,31,8.75320865,40,40.40175322,32,305.5134357,306.4762252,302.678928,296.9387983,0,2.030145836,2.68510587,5.725140184,NA,NA,NA,NA,3837.6,3837.6
54,Chhattisgarh,2010,7.811588735,0,1,0,158.2169176,30,35.04156658,31,3.700419941,40,109.3158901,41,304.2262057,306.3216419,304.723301,297.2733259,1,2.055608366,3.556534973,5.724635667,NA,NA,NA,NA,NA,NA
55,Chhattisgarh,2011,7.365299361,0,1,0,287.333588,30,10.76794449,31,21.34907661,41,2.860143799,26,301.61463,305.7712229,301.811208,297.0645661,2,1.996779696,2.376573618,5.722837185,NA,NA,NA,NA,NA,NA
56,Chhattisgarh,2012,7.265487422,0,1,0,177.9675207,30,6.99445381,31,10.41260127,41,69.09511011,30,304.360279,307.0046277,302.3838629,295.9505234,3,1.983135387,1.945117522,5.726862822,NA,NA,NA,NA,NA,NA
57,Chhattisgarh,2013,7.288879123,0,1,0,387.6676028,30,3.277280526,30,30.62064316,40,138.1400693,36,301.1229413,307.3391894,302.4291271,295.777592,4,1.986349779,1.187013971,5.727951989,NA,NA,NA,NA,NA,NA
58,Chhattisgarh,2014,6.643838806,0,1,0,117.8897602,30,49.14806591,30,12.46877574,38,104.0409506,36,304.2907653,304.8871065,302.0838059,296.6372429,5,1.89368993,3.894837495,5.719941565,NA,NA,NA,NA,NA,NA
59,Chhattisgarh,2015,6.039423964,0,1,0,317.6690895,30,25.81753365,30,37.10289047,40,19.99545063,41,302.2823233,306.2820129,301.0802361,297.9679495,6,1.798308637,3.25105386,5.724506288,NA,NA,NA,NA,NA,NA
60,Chhattisgarh,2016,7.893111441,0,1,0,204.4860182,30,23.72431861,31,21.14665222,36,2.430854876,24,303.87067,305.8644584,303.5214154,296.5547607,7,2.06599041,3.166500624,5.723142057,NA,NA,NA,NA,NA,NA
61,Gujarat,2002,11.16717149,0,0,0,147.9884424,30,2.153366141,30,2.276634957,39,1.003332533,31,304.342607,305.4138832,302.215892,300.5901529,-7,2.412978357,0.767032265,5.721667851,NA,NA,NA,NA,480.8,469
62,Gujarat,2003,11.01134919,0,0,0,100.3137253,30,0.731250004,30,0.428933951,29,0.249445547,28,304.053026,304.9173158,302.264702,300.0278122,-6,2.398926485,-0.312999875,5.720040644,NA,NA,NA,NA,675.3,651.4
63,Gujarat,2004,10.30378039,0,0,0,127.5461917,30,16.34454092,29,0.071519584,23,1.536603783,30,303.7454573,304.8352868,302.5945722,299.8591788,-5,2.332510856,2.793893953,5.719771587,20337300,2674600,NA,76,679.4,665.6
64,Gujarat,2005,10.95085459,0,0,0,183.8354329,30,1.762575812,31,0.007287139,15,0.566838673,13,304.1834127,304.6734671,301.6719185,299.5226427,-4,2.393417498,0.566776269,5.719240603,23377600,3532300,NA,NA,672.9,648.3
65,Gujarat,2006,9.582382682,0,0,0,79.11674679,30,2.954064279,31,0.189636729,41,1.023679967,28,304.030328,304.7966661,301.2604254,300.3762871,-3,2.259926275,1.083181944,5.719644886,25339300,4207500,55555.5,NA,689.3,655.6
66,Gujarat,2007,9.311698874,0,0,0,124.2080516,30,1.489001909,31,2.078080988,23,5.662455852,25,304.2707423,304.8994819,302.3619773,300.1720976,-2,2.231271553,0.398106036,5.719982155,28127300,5107700,NA,NA,758.6,726
67,Gujarat,2008,8.784527836,0,0,0,116.4832813,30,1.165974463,31,3.202622258,32,1.629721702,29,303.254196,304.0983426,301.5989229,300.4369198,-1,2.172991974,0.153557186,5.717351144,30034100,5108800,NA,NA,747.3,722.1
68,Gujarat,2009,9.789331755,0,1,0,53.46655115,30,0.638090241,30,1.269631644,36,15.95518442,25,304.4580453,304.8700526,302.6850529,299.7765029,0,2.281293196,-0.449275562,5.719885629,NA,NA,NA,NA,679.5,658.5
69,Gujarat,2010,10.71171006,0,1,0,43.03139915,30,0.660816942,31,0.219081843,34,52.52018038,38,305.0508067,306.3546374,303.2880422,300.4162824,1,2.371337541,-0.414278418,5.724743377,NA,NA,NA,NA,NA,NA
70,Gujarat,2011,9.050934676,0,1,0,39.25818287,30,1.601044594,31,0.16475855,41,1.323872023,25,304.5317953,304.6751965,302.1174744,301.0809488,2,2.202868031,0.470656287,5.71924628,NA,NA,NA,NA,NA,NA
71,Gujarat,2012,9.786249204,0,1,0,28.7548807,30,1.700188686,31,0.516335788,41,0.083162185,26,304.506237,304.5679132,301.6775307,299.8295317,3,2.280978258,0.530739237,5.718894094,NA,NA,NA,NA,NA,NA
72,Gujarat,2013,10.5111572,0,1,0,140.4653018,30,0.981527907,30,2.331996035,27,3.322370595,27,303.4998837,305.2926239,301.3682524,299.0373712,4,2.352437283,-0.018644833,5.721270739,NA,NA,NA,NA,NA,NA
73,Gujarat,2014,9.50025071,0,1,0,14.60312642,30,2.38047898,31,1.098369501,29,5.92956441,32,305.355893,305.1971435,301.3918437,301.2540424,5,2.251318189,0.86730172,5.72095794,NA,NA,NA,NA,NA,NA
74,Gujarat,2015,11.13370018,0,1,0,107.1485655,30,1.019959238,31,7.168724716,33,1.559810285,38,304.3743207,306.0642516,302.3250354,301.1353637,6,2.409976561,0.019762664,5.723795053,NA,NA,NA,NA,NA,NA
75,Gujarat,2016,10.886409,0,1,0,55.44081944,30,3.517430066,31,0.345341245,28,0.137236058,24,305.2365703,305.9453961,302.2863366,299.2146449,7,2.38751513,1.257730628,5.723406642,NA,NA,NA,NA,NA,NA
76,Haryana,2002,9.97113105,1,0,0,36.44516063,30,23.52031149,27,6.744081405,38,4.13391997,38,306.744965,307.1277045,299.7343337,295.8862446,-7,2.299694023,3.157864366,5.727263637,NA,NA,NA,NA,905.66,905.66
77,Haryana,2003,10.42515027,1,0,0,51.20885144,29,13.88724978,28,13.01761799,38,2.851723195,33,307.382062,305.4137919,299.3044351,295.1938373,-6,2.344221182,2.630971137,5.721667552,NA,NA,NA,NA,1015.19,1015.19
78,Haryana,2004,9.815054019,1,0,0,48.08424139,30,8.128779114,25,1.173340452,25,12.91647181,27,305.20217,306.0316519,301.6742222,294.4857441,-5,2.283917331,2.095410742,5.723688534,9579512,2097146,NA,109,1024.24,1024.24
79,Haryana,2005,9.962596396,1,0,0,71.43877905,30,17.66634628,30,13.43052332,37,1.212182758,22,307.509194,305.1991371,298.7170427,295.4110661,-4,2.29883772,2.87166149,5.720964472,10460779,2175379,NA,NA,1046.61,1046.61
80,Haryana,2006,9.759939693,1,0,0,63.19122356,30,21.10106845,31,30.52699308,41,13.04148995,40,305.495519,306.6295032,298.2097312,296.4985449,-3,2.278286221,3.049323677,5.725640189,11634434,2735729,23248,NA,1042.06,1042.06
81,Haryana,2007,9.492667995,1,0,0,64.3498826,30,16.91228492,31,55.16948028,29,1.81653176,22,306.6177803,306.0449013,299.3791037,296.1247744,-2,2.250519711,2.828040276,5.723731827,12617076,3219437,NA,NA,1072.57,1072.57
82,Haryana,2008,9.993406814,1,0,0,210.0308501,30,48.5573766,31,32.34416644,40,8.155410064,30,303.2779007,304.1728529,298.8188441,296.6629578,-1,2.301925557,3.882746121,5.717596135,13647794,4013723,NA,NA,1211.17,1211.17
83,Haryana,2009,9.38940111,1,1,1,20.47030665,27,19.92670245,30,24.75799129,37,4.540492217,28,307.523005,305.747061,298.4778012,295.402842,0,2.239581512,2.992060664,5.722758162,NA,NA,NA,NA,1206.45,1206.45
84,Haryana,2010,10.42734291,1,1,1,50.39455805,30,19.81404391,31,2.849606073,35,15.92939868,34,306.455672,307.5095813,302.4988395,296.1004712,1,2.344431482,2.986390975,5.728506245,NA,NA,NA,NA,NA,NA
85,Haryana,2011,9.589443429,1,1,1,83.20337714,30,25.35038155,31,17.41709712,41,0.331833878,30,305.0235323,305.7668084,297.8431983,296.1396129,2,2.260662851,3.232793781,5.722822747,NA,NA,NA,NA,NA,NA
86,Haryana,2012,10.91480653,1,1,1,5.880817606,29,3.324574237,31,14.77606894,41,7.324844085,34,308.4695193,306.0762365,297.82257,294.7530351,3,2.390120265,1.201341617,5.72383421,NA,NA,NA,NA,NA,NA
87,Haryana,2013,10.27570029,1,1,1,61.40779291,30,3.782578579,24,29.05138657,37,14.09738659,28,305.7663047,306.4272606,298.0995146,294.777568,4,2.329781913,1.330405941,5.724980405,NA,NA,NA,NA,NA,NA
88,Haryana,2014,9.273239294,1,1,1,20.9491313,25,16.18928478,31,53.36698271,40,9.107624377,28,307.8070647,304.4630965,296.9041912,295.4335485,5,2.227132757,2.78434959,5.718549886,NA,NA,NA,NA,NA,NA
89,Haryana,2015,10.06110121,1,1,1,68.27139921,30,13.04310178,30,84.23850413,37,17.25787181,40,305.471294,306.179209,297.400709,296.6028451,6,2.308676623,2.568259394,5.724170581,NA,NA,NA,NA,NA,NA
90,Haryana,2016,8.558944695,1,1,1,57.99792171,30,29.6055434,28,29.7125932,32,0.061568294,26,306.8170863,306.3341258,299.5692039,296.4017995,7,2.146976899,3.387961621,5.724676421,NA,NA,NA,NA,NA,NA
91,Himachal Pradesh,2002,8.990166667,0,0,0,72.37226717,30,32.94534898,31,48.39549872,41,23.05866133,41,285.7959367,282.5962452,276.1726588,275.9888356,-7,2.196131387,3.494850097,5.644019183,NA,NA,NA,NA,83.28,83.28
92,Himachal Pradesh,2003,9.594770202,0,0,0,67.58953786,30,77.6883023,31,127.1749169,41,31.03784911,41,285.5586923,279.9098703,275.3823017,276.2469459,-6,2.261218179,4.352704697,5.63446766,NA,NA,NA,NA,81.34,81.34
93,Himachal Pradesh,2004,9.055628247,0,0,0,78.08687045,30,29.91131218,31,40.71389567,41,34.11285546,41,284.968138,281.9830306,278.0621471,272.3928066,-5,2.20338647,3.398236742,5.641846894,2407658,474739,NA,30,79.52,79.52
94,Himachal Pradesh,2005,9.148136925,0,0,0,72.92486716,30,74.36720919,31,137.3313523,41,10.15927017,41,284.8367297,280.4130355,274.992971,275.9749159,-4,2.213550244,4.309015108,5.636263643,2610733,514931,NA,NA,79.37,79.37
95,Himachal Pradesh,2006,9.11519721,0,0,0,89.11188535,30,52.15763864,31,169.4620375,41,37.68183757,41,285.657918,283.3672303,274.5051007,276.5975568,-3,2.209943044,3.954270645,5.64674369,2848059,507211,6471.5,NA,79.22,79.22
96,Himachal Pradesh,2007,7.861169884,0,0,0,114.226412,30,57.83049568,31,159.4456865,41,12.34833556,40,287.1185663,283.0177184,279.0938734,276.5057788,-2,2.061935436,4.057516243,5.645509505,3091673,582478,NA,NA,78.56,78.56
97,Himachal Pradesh,2008,9.491349206,0,0,0,217.0888706,30,56.81681216,31,103.4231599,41,27.50085965,38,286.8042243,281.6973848,275.5368815,275.9970249,-1,2.250380774,4.039832271,5.640833391,3321011,607806,NA,NA,77.72,77.72
98,Himachal Pradesh,2009,9.205395623,0,1,0,39.15563027,30,53.67387384,31,102.913269,40,70.52137647,41,285.095582,281.1024694,275.1944015,274.7281285,0,2.219789793,3.982926362,5.638719262,NA,NA,NA,NA,76.19,76.19
99,Himachal Pradesh,2010,7.918445628,0,1,0,105.6585628,30,88.72117869,31,57.32022593,41,41.31820164,41,284.0665987,282.6006919,278.3449624,274.4981815,1,2.069194927,4.485498628,5.644034919,NA,NA,NA,NA,NA,NA
100,Himachal Pradesh,2011,7.451096443,0,1,0,120.3109789,30,35.52520488,31,156.7343456,41,20.14846463,41,284.9580483,282.9178658,274.6558095,276.6334088,2,2.008361195,3.570242441,5.645156629,NA,NA,NA,NA,NA,NA
101,Himachal Pradesh,2012,7.699833084,0,1,0,39.93626533,30,32.38307137,31,84.31864541,41,16.37503483,41,285.5784467,281.3957806,274.9375539,275.3913166,3,2.041198651,3.477635798,5.63976215,NA,NA,NA,NA,NA,NA
102,Himachal Pradesh,2013,7.670559524,0,1,0,240.1800808,30,40.13874127,31,84.58541133,41,48.41351457,41,285.532434,282.4845955,275.3022641,274.139461,4,2.037389562,3.692341984,5.64362402,NA,NA,NA,NA,NA,NA
103,Himachal Pradesh,2014,6.430026242,0,1,0,58.9188191,30,72.5118569,31,183.1745525,40,29.99418214,41,285.4216153,281.0146329,274.2299788,275.7624444,5,1.860978619,4.283750092,5.638406742,NA,NA,NA,NA,NA,NA
104,Himachal Pradesh,2015,6.491642409,0,1,0,100.2388441,30,49.70686461,31,163.1783839,41,53.49478488,41,284.1731457,282.0928461,275.2979529,275.861268,6,1.870515566,3.906143044,5.642236258,NA,NA,NA,NA,NA,NA
105,Himachal Pradesh,2016,8.074302296,0,1,0,91.87823546,30,51.17456544,31,150.7767789,41,6.161385442,40,287.0597967,283.0505106,276.411739,277.7655932,7,2.088686462,3.93524264,5.645625365,NA,NA,NA,NA,NA,NA
106,Jharkhand,2002,7.969908196,0,0,0,306.9524432,30,73.98125746,31,17.05871461,41,43.06745692,36,302.2034767,303.8394865,301.025962,295.7824024,-7,2.075672974,4.303811784,5.716499557,NA,NA,NA,NA,1059.03,136.35
107,Jharkhand,2003,7.399575015,0,0,0,257.8296725,30,23.73186586,29,55.23099131,40,127.8619991,40,303.0878267,304.6519752,300.3421337,296.2354027,-6,2.001422568,3.166818696,5.71917006,NA,NA,NA,NA,2051.74,614.15
108,Jharkhand,2004,7.286590278,0,0,0,221.0059327,30,24.16492429,30,10.28132898,34,17.71036906,28,301.9873543,304.9185439,302.1594973,295.2379746,-5,1.986035711,3.184902172,5.720044672,5975772,679460,NA,21,1134.23,153.62
109,Jharkhand,2005,8.108217796,0,0,0,170.2696953,30,26.48731894,29,30.93384412,38,130.5026362,28,305.3057547,304.5655777,300.716862,295.4752249,-4,2.09287809,3.276666088,5.718886426,5784841,736560,NA,NA,1104.12,149.37
110,Jharkhand,2006,7.954870224,0,0,0,192.8962218,30,104.6554696,31,36.4096586,41,30.25013566,36,302.2268293,302.9282323,300.3876354,296.4936127,-3,2.073784348,4.650673713,5.71349592,5922572,865457,29967,NA,1179.21,183.64
111,Jharkhand,2007,7.878152489,0,0,0,210.8390198,30,49.92063503,31,38.19864824,27,24.53722562,37,302.9422343,303.6755184,300.3001668,296.2988705,-2,2.064093421,3.910434445,5.715959758,7137711,993415,NA,NA,1198.06,183.31
112,Jharkhand,2008,7.657232308,0,0,0,403.4709773,30,44.18595932,31,23.8514187,32,3.245327235,37,300.770324,304.0268158,300.54537,296.7961483,-1,2.035650601,3.788407076,5.717115907,7012946,1242345,NA,NA,1196.87,188.44
113,Jharkhand,2009,7.705271483,0,1,0,74.54288458,30,129.3974669,30,8.977078841,40,26.7021667,26,304.9209287,303.4449516,301.4605668,296.4474666,0,2.041904703,4.862888806,5.715200216,NA,NA,NA,NA,825.79,0
114,Jharkhand,2010,8.461474191,0,1,0,144.7161427,30,51.57393597,31,6.251436402,34,57.44291277,41,304.4951387,304.6678132,303.8029983,297.4361956,1,2.135523413,3.943016428,5.719222046,NA,NA,NA,NA,NA,NA
115,Jharkhand,2011,8.936487806,0,1,0,397.9902978,30,55.05889137,31,32.14230009,41,22.70234383,36,302.0239383,303.8355206,300.5450693,296.2133829,2,2.190142649,4.008403364,5.716486504,NA,NA,NA,NA,NA,NA
116,Jharkhand,2012,8.20008623,0,1,0,147.2817643,30,11.88091412,31,15.45474145,41,61.60742024,32,305.3226013,305.7602323,300.460198,295.4695744,3,2.10414467,2.474933257,5.72280124,NA,NA,NA,NA,NA,NA
117,Jharkhand,2013,7.808026374,0,1,0,216.8450083,30,90.05809443,31,27.15800215,33,124.4804403,30,301.785475,304.4163839,301.0191963,295.3335371,4,2.055152227,4.500454956,5.718396448,NA,NA,NA,NA,NA,NA
118,Jharkhand,2014,7.051197912,0,1,0,177.5962056,30,77.5527345,28,6.367628411,36,38.87474239,32,304.0097927,304.2238171,300.530381,295.9691112,5,1.953197519,4.35095815,5.717763671,NA,NA,NA,NA,NA,NA
119,Jharkhand,2015,5.893924188,0,1,0,216.0629459,30,48.3234814,31,58.75939891,40,25.20921911,41,303.1054467,304.8861394,299.9468546,297.398488,6,1.773922022,3.8779176,5.719938393,NA,NA,NA,NA,NA,NA
120,Jharkhand,2016,7.715806312,0,1,0,138.1638982,30,59.57112486,31,19.50668004,35,5.75281317,31,303.7255797,304.0029335,302.57143,296.485328,7,2.043270993,4.087170974,5.717037351,NA,NA,NA,NA,NA,NA
121,Karnataka,2002,7.83047415,0,0,0,219.254117,30,78.84785268,31,25.18454811,41,132.1805582,41,298.8585853,301.9356003,302.0020207,297.5987624,-7,2.058023064,4.36752008,5.710213751,NA,NA,NA,NA,1154.79,1030.45
122,Karnataka,2003,8.362251832,0,0,0,193.0270647,30,15.02568483,31,42.40890932,41,87.02751913,41,300.1516143,303.3678397,301.9698766,298.0181532,-6,2.123727749,2.709761059,5.714946062,NA,NA,NA,NA,1073.92,944.29
123,Karnataka,2004,7.85334648,0,0,0,200.2740618,30,175.658564,31,39.23221448,41,80.79781507,41,298.5751583,300.1267968,302.1674341,297.8489354,-5,2.060939744,5.168542133,5.704205041,16674713,2645533,NA,70,1308.18,1055.09
124,Karnataka,2005,7.689615542,0,0,0,204.8245616,30,52.92981393,31,42.75501158,41,189.6233046,38,299.826929,302.5932768,301.5294612,296.492749,-4,2.039870788,3.968966771,5.712389583,18427703,3258811,NA,NA,1485.17,1076.03
125,Karnataka,2006,7.498815435,0,0,0,241.6515278,30,176.2422831,31,25.66146902,41,126.3050673,41,298.8754057,301.675299,301.3437183,297.8371817,-3,2.014745066,5.171859657,5.70935127,20266010,3326756,56973,NA,1395.68,1066.99
126,Karnataka,2007,8.312024356,0,0,0,363.4940826,30,78.35600035,31,27.97877742,41,142.529214,37,299.0177847,301.9422068,302.0939905,297.3626456,-2,2.117703184,4.36126255,5.710235631,22820215,3902162,NA,NA,1416.33,1051.46
127,Karnataka,2008,7.25691869,0,0,0,173.7607453,30,67.43155203,31,157.4050712,41,93.09179066,41,298.9480637,301.7703313,300.1219076,297.4908463,-1,1.981955316,4.211113039,5.709666236,24442138,4061267,NA,NA,1513.99,1129.89
128,Karnataka,2009,7.73619966,0,1,0,186.4730524,30,93.80014606,31,35.52338568,41,146.1125478,41,299.4744797,302.0344371,301.77334,297.978012,0,2.045910567,4.541166413,5.710541041,NA,NA,NA,NA,1486.49,1102.24
129,Karnataka,2010,7.282910142,0,1,0,230.9051227,30,52.83254148,31,20.93647021,41,216.8220037,41,299.7392973,302.8648906,302.4992961,297.3915685,1,1.985530527,3.967127317,5.713286801,NA,NA,NA,NA,NA,NA
130,Karnataka,2011,6.907269691,0,1,0,216.5948885,30,62.01345413,31,26.75078959,41,130.3981814,39,298.6316067,301.8157319,301.134229,297.8407493,2,1.932574435,4.127351364,5.709816672,NA,NA,NA,NA,NA,NA
131,Karnataka,2012,7.913509005,0,1,0,192.3268764,30,40.96795999,31,21.38812826,41,126.0302004,38,299.5886897,302.1049781,301.8141756,297.2891202,3,2.0685713,3.712790298,5.710774566,NA,NA,NA,NA,NA,NA
132,Karnataka,2013,8.776783141,0,1,0,296.2750904,30,67.80853624,31,8.816824411,41,105.7191415,41,298.2162253,302.5604845,302.2444044,297.3898459,4,2.172109956,4.21668809,5.712281206,NA,NA,NA,NA,NA,NA
133,Karnataka,2014,7.630252609,0,1,0,103.3487961,30,113.5370916,31,21.92530789,41,123.2441339,41,300.6433563,301.957659,302.1142595,297.8559517,5,2.032120952,4.732129581,5.710286806,NA,NA,NA,NA,NA,NA
134,Karnataka,2015,7.074388435,0,1,0,219.3046989,30,98.23472096,31,58.78996484,41,109.8994012,41,299.4382803,302.1370174,301.4247793,298.9011544,6,1.956481,4.587359727,5.710880615,NA,NA,NA,NA,NA,NA
135,Karnataka,2016,7.991376803,0,1,0,348.9051153,30,70.14013626,31,9.694203186,41,32.05324697,41,298.8451007,302.8765552,303.4598688,298.3000878,7,2.078363061,4.250495187,5.713325314,NA,NA,NA,NA,NA,NA
136,Kerala,2002,6.898089168,0,0,0,343.2518915,30,289.6627877,31,134.5556281,41,379.7785211,41,298.080172,299.3579845,300.166959,297.9073846,-7,1.931244441,5.668717445,5.70164013,NA,NA,NA,NA,310.53,112.45
137,Kerala,2003,6.687937218,0,0,0,530.3501119,30,174.7218644,31,180.6441963,41,261.4543777,41,298.3903357,300.0092926,300.1541837,298.0665295,-6,1.900305488,5.163195364,5.703813449,NA,NA,NA,NA,287.34,102.77
138,Kerala,2004,6.893133906,0,0,0,473.9784899,30,447.4562721,31,179.7490302,41,312.3915396,41,297.831918,298.4511994,300.5261415,298.2707237,-5,1.93052583,6.103578817,5.698606433,11926400,1698051,NA,47,289.99,105.36
139,Kerala,2005,6.532827965,0,0,0,446.623063,30,162.6139068,31,173.7621663,41,353.940454,41,298.4400403,300.18602,300.2487659,297.8957163,-4,1.876839922,5.091378721,5.704402349,13129393,1894914,NA,NA,275.74,98.26
140,Kerala,2006,6.550398869,0,0,0,389.3765231,30,430.7890149,31,159.4842034,41,495.5174886,41,298.3638553,299.2287987,300.1967698,298.0749717,-3,1.879525944,6.065618446,5.701208494,14166669,2082101,32623.5,NA,263.54,83.86
141,Kerala,2007,6.87789441,0,0,0,651.6059653,30,258.3321024,31,147.9097158,41,399.0601773,41,298.3691867,299.7574713,300.7116707,297.9309332,-2,1.92831256,5.554245976,5.702973719,15409268,2221633,NA,NA,228.94,77.53
142,Kerala,2008,5.982780086,0,0,0,380.1129278,30,216.7796638,31,306.7494267,41,359.9392717,41,298.0948657,299.391999,299.3152093,298.3830351,-1,1.788885357,5.378881464,5.701753748,16265920,2492744,NA,NA,234.28,79.39
143,Kerala,2009,6.687379686,0,1,0,451.6483871,30,251.7597852,31,171.2732914,41,453.9263559,41,298.3744987,299.8499506,300.2688156,298.8249163,0,1.900222121,5.5284754,5.703282185,NA,NA,NA,NA,234.02,77.26
144,Kerala,2010,6.273685015,0,1,0,585.1408577,30,239.9949946,31,143.6956456,41,398.5659859,41,298.6513473,300.3836226,301.1943956,297.9327815,1,1.836363904,5.480618067,5.7050604,NA,NA,NA,NA,NA,NA
145,Kerala,2011,6.114533233,0,1,0,467.8836871,30,220.7665625,31,164.5262229,41,359.247586,41,298.3024693,299.7542413,300.0740983,298.3963534,2,1.810668435,5.397105865,5.702962943,NA,NA,NA,NA,NA,NA
146,Kerala,2012,6.659956155,0,1,0,448.1145815,30,149.7826065,31,102.9378789,41,295.8419031,41,298.3077973,299.9443568,300.5629617,298.3900395,3,1.896112901,5.009184953,5.70359698,NA,NA,NA,NA,NA,NA
147,Kerala,2013,7.092052288,0,1,0,799.0231187,30,224.7101895,31,98.07055639,41,239.6791361,41,297.527481,300.0924329,300.8123824,298.517521,4,1.958974761,5.414811525,5.704090537,NA,NA,NA,NA,NA,NA
148,Kerala,2014,6.700556602,0,1,0,314.6307621,30,322.2013391,31,100.3041557,41,401.248633,41,299.108952,300.0646942,301.0558432,298.5841971,5,1.902190598,5.775176627,5.703998099,NA,NA,NA,NA,NA,NA
149,Kerala,2015,6.595341147,0,1,0,386.8376241,30,302.7337963,31,173.1437974,41,332.2788132,41,298.6694347,299.812579,300.4133441,298.8930215,6,1.886363513,5.712853859,5.703157543,NA,NA,NA,NA,NA,NA
150,Kerala,2016,7.13033506,0,1,0,486.1672391,30,276.5513257,31,87.39746216,41,225.8283131,41,298.1992927,300.53683,301.8968051,298.6387624,7,1.964358226,5.62239643,5.705570309,NA,NA,NA,NA,NA,NA
151,Madhya Pradesh,2002,10.26027922,0,0,0,146.2255387,30,7.278475938,30,4.173824608,38,29.64963221,34,304.4614403,307.6260868,302.1466259,296.9952627,-7,2.328280054,1.984921491,5.728885041,NA,NA,NA,NA,1671.14,1671.14
152,Madhya Pradesh,2003,10.23763015,0,0,0,138.1337106,29,0.873697933,25,7.390083789,35,7.025456835,38,305.2717873,307.0821613,302.0049278,296.742138,-6,2.326070162,-0.135020577,5.727115338,NA,NA,NA,NA,1708.63,1708.63
153,Madhya Pradesh,2004,9.895135119,0,0,0,165.4136745,30,5.427217931,30,1.138923983,18,16.88134178,23,303.7352823,306.7523477,303.6508566,296.1555985,-5,2.292043234,1.691426651,5.726040737,11292689,2753979,NA,48,1675.56,1675.56
154,Madhya Pradesh,2005,10.40104348,0,0,0,141.2635227,30,3.405707367,27,0.880675846,21,17.81564517,20,306.3078237,306.7462852,301.43361,296.0494251,-4,2.341906136,1.225452662,5.726020973,11891946,3058330,NA,NA,1700.47,1700.47
155,Madhya Pradesh,2006,9.970244292,0,0,0,78.20574874,30,15.70242782,31,14.74846481,41,12.28352393,32,304.7223067,306.4214181,300.4969344,297.114642,-3,2.299605086,2.753815339,5.724961338,12989612,3415396,66487.5,NA,1674.05,1674.05
156,Madhya Pradesh,2007,9.951517843,0,0,0,134.4863221,30,4.845779541,31,9.758820637,27,5.203727795,23,304.8769833,306.4897574,301.8898405,296.7603354,-2,2.297725087,1.578108128,5.725184337,13598571,3593132,NA,NA,1634.94,1634.94
157,Madhya Pradesh,2008,10.72879319,0,0,0,326.7211546,30,5.987633334,31,12.03124114,36,6.433879851,33,301.7033357,306.1849029,301.5252054,297.4652888,-1,2.37293108,1.789696231,5.724189177,15294616,4400691,NA,NA,1706.57,1706.57
158,Madhya Pradesh,2009,10.57834072,0,1,0,57.45390029,30,6.701029948,31,5.161753,40,71.05803226,24,306.5539923,306.9924797,301.9156022,296.6500012,0,2.358808582,1.902261238,5.726823251,NA,NA,NA,NA,1593.09,0
159,Madhya Pradesh,2010,9.354016295,0,1,0,65.87016229,30,2.243489569,31,0.818928896,31,58.9148958,40,306.258049,308.4425277,304.1605759,297.8357541,1,2.235805801,0.808032497,5.73153553,NA,NA,NA,NA,NA,NA
160,Madhya Pradesh,2011,10.5701195,0,1,0,311.708131,30,3.460851766,31,3.473172941,41,0.195529274,18,303.2116723,307.2639568,301.5536532,297.4815705,2,2.358031105,1.241514734,5.727707172,NA,NA,NA,NA,NA,NA
161,Madhya Pradesh,2012,10.08532122,0,1,0,35.13288581,30,5.586289975,31,2.944025965,41,6.133702294,26,305.8538247,306.9380774,301.5297905,296.2380959,3,2.311081022,1.720315377,5.726646025,NA,NA,NA,NA,NA,NA
162,Madhya Pradesh,2013,9.541651098,0,1,0,291.4301148,30,0.317890973,25,18.42759337,35,18.48895957,29,302.305741,307.7679839,301.1607885,296.0062232,4,2.255666542,-1.146046807,5.7293462,NA,NA,NA,NA,NA,NA
163,Madhya Pradesh,2014,8.416779824,0,1,0,26.2180779,30,2.889766983,30,6.832330135,33,31.88187587,32,306.5112953,306.0124823,300.9707473,297.4610968,5,2.130227311,1.06117587,5.723625893,NA,NA,NA,NA,NA,NA
164,Madhya Pradesh,2015,9.047573448,0,1,0,155.1433644,30,5.317301343,31,60.58609815,40,31.32704894,41,304.3403897,307.6488619,299.9931568,298.4018154,6,2.202496594,1.670965908,5.728959074,NA,NA,NA,NA,NA,NA
165,Madhya Pradesh,2016,9.908518208,0,1,0,110.884069,30,10.99324837,31,11.33669607,31,0.171184819,16,305.856596,307.2098035,302.7057668,296.4518788,7,2.293394812,2.3972813,5.727530913,NA,NA,NA,NA,NA,NA
166,Maharashtra,2002,8.014061918,0,0,0,346.9122092,30,15.13295373,31,9.783358316,41,48.14331156,40,301.582229,305.4579932,302.9486659,297.757979,-7,2.081197738,2.716874732,5.721812267,NA,NA,NA,NA,1523.3,1496.8
167,Maharashtra,2003,9.365683141,0,0,0,199.814088,30,1.195343354,31,13.77344557,41,15.28277359,41,302.515624,305.8320784,302.5456359,298.4676349,-6,2.237052279,0.17843347,5.723036188,NA,NA,NA,NA,1529.9,1500.4
168,Maharashtra,2004,8.779391587,0,0,0,192.2852531,30,42.1011981,31,2.920014522,39,27.22635875,37,301.5890783,304.5525732,303.5919844,297.9293576,-5,2.17240711,3.740076199,5.718843727,41547968,3442261,NA,48,1508.7,1488.2
169,Maharashtra,2005,9.023503687,0,0,0,195.6768489,30,7.351681019,31,8.306396432,39,68.90445306,27,303.4860503,305.5838494,302.4953656,296.6962041,-4,2.199832694,1.994928997,5.722224207,47092933,3989710,NA,NA,1512.5,1473.7
170,Maharashtra,2006,7.96425037,0,0,0,200.2640278,30,70.47869218,31,14.5269558,41,28.86367148,41,301.991979,304.8361781,301.6491698,298.0218137,-3,2.074962823,4.255310426,5.719774511,53465395,5097125,104626.5,NA,1529.3,1491.3
171,Maharashtra,2007,7.845049982,0,0,0,319.5139884,30,13.94910754,31,8.736853252,40,20.99682324,34,302.0554487,305.2688039,303.0542327,298.20996,-2,2.059882757,2.635415531,5.721192713,59483158,6471248,NA,NA,1576.7,1535.3
172,Maharashtra,2008,8.103702797,0,0,0,189.7863535,30,5.574100376,31,45.78405527,41,12.5096019,35,301.396417,305.3922752,301.9861454,298.4437612,-1,2.092321093,1.718130937,5.721597098,61019135,5919787,NA,NA,1521.5,1499.5
173,Maharashtra,2009,8.115550512,0,1,0,94.92176219,30,13.8747197,31,6.230815899,41,96.4312607,36,303.460187,305.4675432,303.136909,298.2802963,0,2.093782037,2.630068457,5.721843531,NA,NA,NA,NA,1470.6,1450
174,Maharashtra,2010,8.689615966,0,1,0,206.2715836,30,7.514823547,31,3.875582794,40,131.2610909,41,302.796118,306.6847974,304.0888524,298.4678688,1,2.162128746,2.016877543,5.725820502,NA,NA,NA,NA,NA,NA
175,Maharashtra,2011,7.454500658,0,1,0,171.7324532,30,8.499164817,31,5.846482696,41,26.41685452,33,301.392326,305.2307448,302.2516663,298.5725054,2,2.008817965,2.139967902,5.721068031,NA,NA,NA,NA,NA,NA
176,Maharashtra,2012,8.050549193,0,1,0,124.0554351,30,7.51901475,31,4.076099751,41,27.42000402,33,302.7685543,305.6584694,303.0838785,297.5992793,3,2.085740312,2.017435112,5.722468365,NA,NA,NA,NA,NA,NA
177,Maharashtra,2013,8.868847348,0,1,0,413.8894251,30,5.56596559,31,6.324064219,38,35.61941002,37,300.317345,306.3685268,302.8901295,297.6904351,4,2.182544838,1.716670481,5.724788713,NA,NA,NA,NA,NA,NA
178,Maharashtra,2014,7.365302387,0,1,0,48.60327711,30,15.69566003,31,9.736073282,40,58.8348999,35,304.025222,305.03667,302.4196283,298.8953795,5,1.996780106,2.753384243,5.720431999,NA,NA,NA,NA,NA,NA
179,Maharashtra,2015,8.284336675,0,1,0,273.279927,30,20.06394206,31,42.19399794,41,11.27950519,41,301.8686223,306.043701,301.7429012,299.7579363,6,2.114366584,2.998924277,5.723727905,NA,NA,NA,NA,NA,NA
180,Maharashtra,2016,9.627551502,0,1,0,228.1929499,30,14.93786876,31,8.753788875,38,2.941014831,30,302.9712467,306.0564884,304.0861356,297.4890676,7,2.264628936,2.703899516,5.723769687,NA,NA,NA,NA,NA,NA
181,Orissa,2002,5.736612649,0,0,0,253.8296074,30,42.23806528,30,32.61475682,41,63.07849526,41,302.0610327,305.5048035,301.9558354,297.1002117,-7,1.746868905,3.743321835,5.721965502,NA,NA,NA,NA,4273,4273
182,Orissa,2003,5.978062744,0,0,0,208.469042,30,9.257296119,31,60.89082063,41,115.3176635,41,303.4977643,305.6670406,301.5519739,297.3624805,-6,1.78809656,2.22541201,5.722496407,NA,NA,NA,NA,4501,4501
183,Orissa,2004,5.606028731,0,0,0,214.5295986,30,31.09050881,31,20.16069503,37,21.68408404,39,302.1716843,304.4865355,302.726671,297.049851,-5,1.723842578,3.43690259,5.718626868,7772943,1460377,NA,18,4492,824
184,Orissa,2005,5.643916698,0,0,0,153.033808,30,28.55135216,31,40.47281734,41,180.6737847,39,304.462829,304.7113177,301.7516141,296.6653722,-4,1.730578274,3.351704296,5.719364829,8214472,1570754,NA,NA,4479,781
185,Orissa,2006,5.569287272,0,0,0,198.9102895,30,98.94826882,31,34.36262413,41,61.66578058,40,302.1712343,303.0887568,301.2696724,297.5778151,-3,1.717267087,4.594597176,5.714025689,9270083,1781141,39389.5,NA,4451,757
186,Orissa,2007,5.375358632,0,0,0,305.9654017,30,55.0695305,31,26.62433049,40,43.05374569,40,302.2055023,304.1356023,301.7221539,297.3378544,-2,1.681825294,4.008596578,5.717473662,10284562,2644483,NA,NA,4452,742
187,Orissa,2008,5.439061652,0,0,0,376.7383295,30,24.25597871,31,70.06163994,39,35.79684629,41,300.5599017,304.5476897,300.9236898,297.9885334,-1,1.693606556,3.188663132,5.718827691,11081178,2655703,NA,NA,4455,707
188,Orissa,2009,5.749600597,0,1,0,81.23495831,30,67.49648096,31,16.77247077,41,37.84434833,40,304.499271,304.5307235,302.3017556,297.907929,0,1.749130391,4.212075463,5.71877198,NA,NA,NA,NA,4365,687
189,Orissa,2010,5.863680592,0,1,0,214.8945377,30,73.70250397,31,10.6826116,40,154.8504149,41,302.972156,304.0714074,303.7599032,298.0353678,1,1.768777494,4.300036774,5.717262567,NA,NA,NA,NA,NA,NA
190,Orissa,2011,5.05408252,0,1,0,297.4125422,30,34.82474264,31,35.82003409,41,20.52319433,40,301.5170667,303.9519329,301.19094,297.6068737,2,1.620196336,3.55032813,5.716869573,NA,NA,NA,NA,NA,NA
191,Orissa,2012,5.457532416,0,1,0,231.813992,30,26.10468613,31,18.96595929,41,77.85185697,39,303.502376,304.9668877,302.0577105,296.9638302,3,1.696996749,3.262114844,5.720203206,NA,NA,NA,NA,NA,NA
192,Orissa,2013,5.325451092,0,1,0,328.165069,30,40.69178339,31,28.1481198,41,270.6772319,38,301.2484807,305.0875723,302.3963661,296.6193654,4,1.67249742,3.70602619,5.720598858,NA,NA,NA,NA,NA,NA
193,Orissa,2014,4.844966712,0,1,0,188.9253807,30,115.1560696,31,14.65198181,40,92.30805892,40,303.1448047,303.6221045,302.0469359,297.766258,5,1.577940375,4.746288335,5.715783851,NA,NA,NA,NA,NA,NA
194,Orissa,2015,4.7823407,0,1,0,303.991036,30,43.80224575,31,47.48473337,41,47.09666984,41,301.8904307,304.6752348,301.5220602,298.6811,6,1.564930113,3.779685089,5.719246405,NA,NA,NA,NA,NA,NA
195,Orissa,2016,5.22298827,0,1,0,198.3448868,30,74.39726806,31,18.96621212,41,34.50475553,37,302.8120613,304.3372803,303.3159634,297.5869629,7,1.653069704,4.309419222,5.718136561,NA,NA,NA,NA,NA,NA
196,Punjab,2002,9.223959674,1,0,0,46.10975359,30,31.13976384,29,10.77521207,38,7.84086511,41,305.922487,305.9586577,298.7756807,295.0060444,-7,2.221804411,3.438485583,5.723449987,NA,NA,NA,NA,2530,2530
197,Punjab,2003,9.905707205,1,0,0,53.43906525,30,14.10682938,31,32.53023458,38,17.4200227,36,306.7244833,304.4496877,297.9296461,294.3781132,-6,2.293111076,2.646659033,5.718505844,NA,NA,NA,NA,2614,2614
198,Punjab,2004,10.2609658,1,0,0,55.79435728,30,11.08441429,29,3.468662194,34,18.67495385,26,304.4401377,304.9162935,300.4168624,293.4037954,-5,2.328346968,2.405540003,5.720037292,9683851,3014053,NA,145,2800,2800
199,Punjab,2005,10.03833333,1,0,0,58.81875355,30,25.34341696,31,42.31173498,37,1.710117487,26,306.7494687,303.4824123,296.5202805,294.1170807,-4,2.306411097,3.23251901,5.715323659,10255608,3299203,NA,NA,2642,2642
200,Punjab,2006,10.29685776,1,0,0,50.90895114,30,23.79211109,31,52.17350659,41,24.88600771,40,304.9818073,305.9695823,296.8336015,295.4617468,-3,2.331838777,3.169354059,5.723485693,11299739,3778380,26051,NA,2621,2621
201,Punjab,2007,9.953429728,1,0,0,107.8776208,30,16.5123129,31,95.860949,31,1.846518671,25,305.674968,305.0777052,297.7584673,295.1458678,-2,2.297917188,2.804106339,5.720566515,12322323,4565784,NA,NA,2610,2610
202,Punjab,2008,11.06851465,1,0,0,189.5493751,30,42.18971866,30,56.43721251,40,12.79022531,31,303.3945027,303.9771239,297.5438073,295.6552829,-1,2.40410456,3.742176558,5.716952448,13043076,5243076,NA,NA,2735,2735
203,Punjab,2009,10.66390546,1,1,1,12.77090866,29,20.42924108,30,43.61340124,38,21.35357748,31,306.7256403,304.8843168,297.090218,294.0591612,0,2.366864717,3.016967261,5.719932415,NA,NA,NA,NA,2802,2802
204,Punjab,2010,11.71378154,1,1,1,44.97386015,30,28.22994456,31,6.793100426,40,21.34779303,32,305.8030803,306.0298432,301.2928956,294.9862678,1,2.460766058,3.340383278,5.723682624,NA,NA,NA,NA,NA,NA
205,Punjab,2011,11.35168442,1,1,1,79.57234437,30,32.47625386,31,43.46107592,41,1.619858041,30,304.5393603,305.2645145,296.4809337,295.3937876,2,2.42936614,3.480509172,5.721178661,NA,NA,NA,NA,NA,NA
206,Punjab,2012,11.36397153,1,1,1,12.78545127,30,7.42129646,31,22.40564453,41,6.457380194,36,307.3501383,304.9633148,296.480609,294.1057724,3,2.430447959,2.004353767,5.72019149,NA,NA,NA,NA,NA,NA
207,Punjab,2013,11.44717482,1,1,1,133.184953,30,10.48152708,29,39.78508065,38,19.53562249,30,305.4226617,305.48692,296.9699707,294.1106073,4,2.437742959,2.349614382,5.721906963,NA,NA,NA,NA,NA,NA
208,Punjab,2014,10.89191149,1,1,1,32.5475272,30,31.52430784,31,98.7573812,38,9.453902702,32,307.164514,303.5774265,295.1751832,294.4815217,5,2.388020449,3.450758926,5.71563669,NA,NA,NA,NA,NA,NA
209,Punjab,2015,11.58867869,1,1,1,78.4392186,30,19.02563891,29,136.9708774,36,36.33777819,40,304.6966947,304.7392381,295.861271,295.0477417,6,2.450028647,2.945787486,5.719456454,NA,NA,NA,NA,NA,NA
210,Punjab,2016,11.77480026,1,1,1,58.06404604,30,29.02541063,30,69.24226462,38,0.640651161,30,306.513532,305.6590565,297.8441307,295.553121,7,2.465961677,3.368171675,5.722470286,NA,NA,NA,NA,NA,NA
211,Rajasthan,2002,15.4591722,0,0,0,52.31003857,30,11.34126906,31,3.123882714,33,3.591579308,34,307.57595,308.6582848,302.2167617,298.717281,-7,2.738202497,2.428448202,5.732234791,NA,NA,NA,NA,83.58,83.58
212,Rajasthan,2003,16.91658379,0,0,0,63.8740453,30,2.895850368,23,1.632560114,35,0.043186749,27,307.2197343,307.31668,302.07147,297.6750034,-6,2.82829443,1.063278805,5.727878747,NA,NA,NA,NA,99.76,99.76
213,Rajasthan,2004,16.26565905,0,0,0,29.78175155,30,2.672903947,26,0.345673477,15,5.135473104,23,306.7065843,307.3730429,303.7508027,297.1303393,-5,2.789056079,0.983165502,5.728062133,12774565,2791717,NA,125,101.37,101.37
214,Rajasthan,2005,15.61473431,0,0,0,45.1834901,30,6.08905487,28,1.285747009,17,0.145789827,12,307.603162,306.5434639,300.8713902,297.9055893,-4,2.748214976,1.806492876,5.725359552,13628496,2912790,NA,NA,107.5,107.5
215,Rajasthan,2006,15.25999011,0,0,0,54.34353863,30,5.261131478,31,5.956872216,41,4.740759496,37,306.2444917,308.2974648,300.6524227,298.6764495,-3,2.725234378,1.660346114,5.731065112,15218867,3519674,62527.5,NA,107.8,107.8
216,Rajasthan,2007,14.82042686,0,0,0,41.41839833,30,5.035800764,31,12.17652064,24,0.16336459,15,307.0569857,307.5466306,301.4891073,298.1884966,-2,2.696006422,1.616572553,5.72862672,16001662,4232949,NA,NA,127.84,127.84
217,Rajasthan,2008,14.54584589,0,0,0,94.38923244,30,20.13532723,31,16.59297417,36,2.512002987,29,304.875609,305.9735323,301.2339429,298.9159112,-1,2.677305447,3.002475846,5.723498602,17455575,4773855,NA,NA,133.42,133.42
218,Rajasthan,2009,14.80472656,0,1,0,20.26900958,30,8.460203337,31,5.178810092,37,10.22023371,25,307.4202633,308.1680265,301.2746549,297.7906344,0,2.694946492,2.135373208,5.730645175,NA,NA,NA,NA,150.72,150.72
219,Rajasthan,2010,16.4818263,0,1,0,34.27896721,30,1.467911199,31,0.413760061,35,35.53372354,35,307.6760607,309.4098245,304.7642249,298.5360956,1,2.802258338,0.383840437,5.734666691,NA,NA,NA,NA,NA,NA
220,Rajasthan,2011,15.49707976,0,1,0,65.90102122,30,4.831144364,31,2.591942643,41,0.077419722,17,306.939123,307.7665574,301.1118905,298.770489,2,2.740651604,1.575083368,5.729341565,NA,NA,NA,NA,NA,NA
221,Rajasthan,2012,13.9859577,0,1,0,6.545267205,30,7.314928916,31,5.97691961,41,1.696253321,23,307.548934,307.1115784,301.0047132,297.2081107,3,2.638053805,1.989917317,5.727211129,NA,NA,NA,NA,NA,NA
222,Rajasthan,2013,14.93700374,0,1,0,61.97866542,30,1.436949156,24,7.194348237,35,6.078174333,23,306.311777,307.8431861,300.7570349,296.8123971,4,2.703841607,0.362522224,5.729590517,NA,NA,NA,NA,NA,NA
223,Rajasthan,2014,14.74882282,0,1,0,5.009529204,30,11.03629619,30,8.612826753,36,4.176725737,31,308.434195,306.2762245,300.3503461,298.1993659,5,2.691163271,2.401189495,5.724487389,NA,NA,NA,NA,NA,NA
224,Rajasthan,2015,13.86054817,0,1,0,54.71775103,30,5.697130732,30,37.3158923,39,4.814084411,40,306.2869507,308.1378435,300.59156,298.645278,6,2.629046543,1.739962668,5.730547227,NA,NA,NA,NA,NA,NA
225,Rajasthan,2016,14.57408289,0,1,0,43.67912294,30,7.287110757,30,3.995858921,31,0.011890665,16,308.0885367,308.4866326,301.9993271,297.9540105,7,2.679244807,1.986107138,5.731678512,NA,NA,NA,NA,NA,NA
226,Tamilnadu,2002,7.727352679,0,0,0,66.75246575,30,88.62827143,31,31.16863038,41,273.6533597,41,301.7164143,302.774799,301.9263578,298.7766544,-7,2.04476633,4.484450897,5.712989292,NA,NA,NA,NA,1516.55,1516.55
227,Tamilnadu,2003,8.904259222,0,0,0,93.43731995,30,41.38130642,31,59.32581234,41,251.227828,41,302.3398127,303.5920745,301.9067105,298.6876468,-6,2.186529727,3.722829243,5.71568494,NA,NA,NA,NA,1396.66,1396.66
228,Tamilnadu,2004,7.875830369,0,0,0,74.25000094,30,242.0263769,31,60.36218278,41,373.3712157,41,301.163721,300.8082916,302.5506568,298.1290529,-5,2.063798623,5.489046716,5.706473157,21900322,2102673,NA,85,1872.83,1872.83
229,Tamilnadu,2005,7.512889645,0,0,0,73.38643139,30,76.92253677,31,160.4412215,41,388.5365865,41,302.2702353,303.0372255,301.3992324,298.3946722,-4,2.016620165,4.342798899,5.713855654,24956705,2521885,NA,NA,2050.47,2050.47
230,Tamilnadu,2006,5.738851274,0,0,0,92.65639626,30,96.05330476,31,81.83197506,41,437.4250135,41,301.670086,302.4168045,301.7593576,298.3124029,-3,1.747259064,4.564903295,5.711806213,28752968,3137477,67276.5,NA,1931.42,1931.42
231,Tamilnadu,2007,6.942104228,0,0,0,176.1198064,30,75.50304974,31,55.83150162,41,346.2897279,41,301.2310197,303.1814406,301.6323944,298.6216612,-2,1.937604931,4.324173049,5.71433144,30515680,3574703,NA,NA,1789.18,1789.18
232,Tamilnadu,2008,5.503643797,0,0,0,76.45674424,30,78.52397711,31,224.4208041,41,236.2018388,41,301.7877723,302.9880539,300.2231356,298.9816654,-1,1.705410381,4.363404019,5.713693379,32179336,3993740,NA,NA,1931.62,1931.62
233,Tamilnadu,2009,6.561970936,0,1,0,93.09722633,30,92.85106994,31,67.1273065,41,358.3342927,41,302.1689867,303.2460603,301.6289749,299.6744912,0,1.881291005,4.530996811,5.714544556,NA,NA,NA,NA,1845.58,1845.58
234,Tamilnadu,2010,7.181660129,0,1,0,145.767587,30,80.31171637,31,30.00360528,41,300.1218024,41,301.891649,303.6150394,302.8922839,299.3575861,1,1.971530572,4.385915518,5.715760581,NA,NA,NA,NA,NA,NA
235,Tamilnadu,2011,5.580518384,0,1,0,81.11765082,30,55.63790991,31,40.6542597,41,292.5377456,41,302.037687,303.1405519,301.772728,298.6780493,2,1.719281672,4.018864802,5.714196566,NA,NA,NA,NA,NA,NA
236,Tamilnadu,2012,6.427830761,0,1,0,60.00610453,30,57.35327375,31,23.44438319,41,290.3513742,41,302.5768493,303.33514,302.2569,298.9341195,3,1.860637119,4.049229926,5.714838267,NA,NA,NA,NA,NA,NA
237,Tamilnadu,2013,8.165881285,0,1,0,139.0146919,30,69.10090175,31,25.76213368,41,186.3435926,41,301.2675987,303.7703216,302.7369246,299.5856054,4,2.099964655,4.235567781,5.716271895,NA,NA,NA,NA,NA,NA
238,Tamilnadu,2014,7.948899452,0,1,0,59.83314066,30,130.752267,31,15.45837696,41,353.0115937,41,303.5343003,303.3005461,302.5177515,298.9770651,5,2.073033485,4.873304442,5.714724215,NA,NA,NA,NA,NA,NA
239,Tamilnadu,2015,6.647979499,0,1,0,89.4234594,30,153.7212275,31,97.76711139,41,422.6375542,41,301.963705,302.1997268,301.6695166,299.3543446,6,1.894312974,5.035140751,5.711088146,NA,NA,NA,NA,NA,NA
240,Tamilnadu,2016,6.085181639,0,1,0,137.5634783,30,138.2662394,31,19.88557514,41,127.809716,41,301.567859,303.2751216,303.363419,300.3451983,7,1.805856576,4.929181097,5.714640386,NA,NA,NA,NA,NA,NA
241,Uttar Pradesh,2002,6.629318948,0,0,0,73.76153398,30,25.63557311,30,4.595163775,41,18.19393331,40,305.4294127,305.7317277,300.8067641,296.239571,-7,1.891502076,3.243980962,5.722708011,NA,NA,NA,NA,5213.51,5209.2
242,Uttar Pradesh,2003,7.153659283,0,0,0,159.7738165,30,5.227642021,30,12.02388111,41,5.407090871,40,305.7507017,305.7481848,300.2882027,296.0820717,-6,1.967624014,1.65396032,5.722761838,NA,NA,NA,NA,5727.8,5719.92
243,Uttar Pradesh,2004,6.897351248,0,0,0,175.6811197,30,12.02191694,30,1.537620822,38,30.5166461,35,304.134515,305.9340084,302.2600739,295.2408498,-5,1.931137461,2.486731395,5.72336942,26084066,7016710,NA,70,5934.47,5934.47
244,Uttar Pradesh,2005,7.335865083,0,0,0,106.2086097,29,8.32439819,30,7.010173541,36,16.29509226,34,307.3884257,305.6951174,300.3802,295.7700627,-4,1.992775344,2.119190744,5.722588257,27781788,7660367,NA,NA,5571.55,5571.55
245,Uttar Pradesh,2006,7.482420719,0,0,0,142.1901922,30,32.65190755,31,27.05292594,41,7.187636568,41,304.796907,305.3360984,299.8206895,297.064329,-3,2.012556365,3.485903278,5.721413132,30022535,8232034,183005,NA,5920.8,5902.63
246,Uttar Pradesh,2007,7.758048437,0,0,0,134.3956586,30,22.02129513,31,41.11996487,36,11.27232683,38,305.663483,305.2860781,300.1121173,296.4077829,-2,2.048730812,3.092009946,5.721249298,32221349,9262309,NA,NA,5709.45,5690.61
247,Uttar Pradesh,2008,8.396104099,0,0,0,374.3795551,30,36.99917998,31,14.46416636,40,3.293921474,39,302.3679763,304.7921977,300.1350934,296.8819327,-1,2.127767801,3.61089575,5.719630226,34472559,11789780,NA,NA,6033.39,6011.78
248,Uttar Pradesh,2009,7.525240394,0,1,0,52.0664583,29,27.29147958,31,12.87036098,39,20.57167946,38,307.2167053,305.355809,300.2973195,295.8893993,0,2.018262756,3.30657455,5.721477684,NA,NA,NA,NA,5172.81,5148.12
249,Uttar Pradesh,2010,7.879637509,0,1,0,26.55927946,30,17.32323394,31,1.178383373,35,35.41454798,39,307.0909067,306.5497197,302.9951888,297.1849076,1,2.064281901,2.852048603,5.72537996,NA,NA,NA,NA,NA,NA
250,Uttar Pradesh,2011,7.076680049,0,1,0,223.0084522,30,20.72992518,31,8.706827292,41,1.55680788,40,304.0544963,305.6398065,299.9600339,296.5518449,2,1.956804878,3.031578317,5.722407306,NA,NA,NA,NA,NA,NA
251,Uttar Pradesh,2012,7.408555171,0,1,0,22.21748491,30,1.322273179,31,12.62427182,41,1.892051153,35,308.4108787,306.6177619,299.4207707,295.4950666,3,2.002635437,0.279352361,5.725601897,NA,NA,NA,NA,NA,NA
252,Uttar Pradesh,2013,6.921074704,0,1,0,289.3527518,30,4.828836426,30,10.34555005,36,41.81608465,36,303.5938477,306.6150029,300.1695176,295.4149229,4,1.934571062,1.574605533,5.725592898,NA,NA,NA,NA,NA,NA
253,Uttar Pradesh,2014,6.704829685,0,1,0,42.61572428,30,13.41789119,30,12.34028521,39,52.19918769,40,307.1902317,305.5087645,299.1797895,296.0921846,5,1.902828115,2.59658898,5.721978467,NA,NA,NA,NA,NA,NA
254,Uttar Pradesh,2015,6.591727822,0,1,0,122.2109632,30,8.006733415,31,65.49617931,40,28.21062112,41,306.0952383,306.3822445,298.6665946,297.479699,6,1.885815503,2.080282865,5.724833487,NA,NA,NA,NA,NA,NA
255,Uttar Pradesh,2016,7.529460391,0,1,0,97.99917905,30,34.48224633,30,17.44218519,35,0.348703648,36,305.9231653,305.6303542,301.5096163,296.4596695,7,2.018823378,3.540444592,5.722376379,NA,NA,NA,NA,NA,NA
256,Uttarakhand,2002,7.19,0,0,0,177.0951157,30,60.73500568,31,39.56408917,41,18.02521594,41,290.938675,288.9218029,283.7014146,281.9196122,-7,1.972691172,4.106520232,5.666156073,NA,NA,NA,NA,275.32,271.23
257,Uttarakhand,2003,NA,0,0,0,159.8320428,30,52.75933454,31,67.04826433,41,15.56967054,41,291.273469,287.4694694,283.0439488,282.5194239,-6,NA,3.965740715,5.661116661,NA,NA,NA,NA,277.32,271.67
258,Uttarakhand,2004,NA,0,0,0,139.9551146,30,43.39905069,31,21.83669482,41,40.98345269,41,290.452613,289.1712226,286.0679841,280.1107339,-5,NA,3.770437567,5.667018978,2478567,411370,NA,66,288.98,281.46
259,Uttarakhand,2005,16.77742381,0,0,0,139.0552213,30,54.10717998,31,86.95218277,41,14.19370656,41,291.6181737,287.928509,282.7574188,282.0204956,-4,2.820034162,3.990966894,5.662712217,2834035,420567,NA,NA,284.44,275.47
260,Uttarakhand,2006,14.33779458,0,0,0,160.9470605,30,106.342868,31,128.196458,41,25.24295619,41,290.810223,289.1237665,282.2418141,282.3711329,-3,2.662899028,4.666668478,5.666854854,3218960,491405,9287.5,NA,283.59,273.66
261,Uttarakhand,2007,15.73863763,0,0,0,149.2619694,30,80.4066004,31,124.8494709,41,23.74159692,41,291.922169,288.7849352,285.4936007,282.3591461,-2,2.756118685,4.387096267,5.665682242,3802186,507118,NA,NA,272.18,259.82
262,Uttarakhand,2008,13.32508712,0,0,0,344.794422,30,81.23849247,31,74.43201141,41,22.48421163,41,290.9603013,287.9481968,282.9324315,283.0077488,-1,2.589648508,4.39738918,5.662780592,4283246,595515,NA,NA,288.36,275.71
263,Uttarakhand,2009,13.16948333,0,1,0,47.82647793,30,82.45925763,31,68.38676827,41,22.91466103,41,291.8040477,288.2528316,283.2196354,281.1764722,0,2.577902284,4.412304324,5.663837983,NA,NA,NA,NA,284.39,270.62
264,Uttarakhand,2010,14.10745734,0,1,0,126.57843,30,59.05608161,31,25.12680578,41,25.13980789,41,291.0980413,289.7257226,286.3093215,283.0010663,1,2.646703547,4.078487528,5.668934691,NA,NA,NA,NA,NA,NA
265,Uttarakhand,2011,8.189594482,0,1,0,242.1830462,30,65.09703375,31,77.93283222,41,23.31942441,41,290.070941,288.9352281,282.5632376,283.215819,2,2.102864383,4.175878984,5.666202539,NA,NA,NA,NA,NA,NA
266,Uttarakhand,2012,15.05435758,0,1,0,60.06055037,30,23.40867493,31,68.56399871,41,13.19752138,41,292.5722513,289.0377865,282.5646429,281.462508,3,2.711667489,3.153106677,5.666557429,NA,NA,NA,NA,NA,NA
267,Uttarakhand,2013,13.86215338,0,1,0,452.8551476,30,21.47526549,31,51.75726569,41,28.52758008,38,290.5597743,289.7514858,283.2604612,281.7407534,4,2.629162348,3.06690183,5.66902361,NA,NA,NA,NA,NA,NA
268,Uttarakhand,2014,16.53703846,0,1,0,99.30785549,30,58.37241573,31,99.33937554,41,36.86428899,41,291.8456077,288.2220865,282.0038517,282.014912,5,2.80560262,4.066843445,5.663731316,NA,NA,NA,NA,NA,NA
269,Uttarakhand,2015,17.0996308,0,1,0,201.2291246,30,31.71748269,31,129.4813578,41,31.2981975,41,290.7310377,289.15079,282.5129439,283.1722359,6,2.839056873,3.456868033,5.666948317,NA,NA,NA,NA,NA,NA
270,Uttarakhand,2016,12.28811316,0,1,0,202.9061672,30,81.63243056,31,68.27930868,41,7.644390656,40,291.7798457,289.3270026,284.2750534,283.5144085,7,2.508632385,4.402226616,5.667557545,NA,NA,NA,NA,NA,NA
271,West Bengal,2002,4.551750607,0,0,0,493.4536119,30,195.0265152,31,86.88861536,41,114.3692186,41,301.5341703,301.7815274,299.9781302,296.9887027,-7,1.515511908,5.273135525,5.709703336,NA,NA,NA,NA,5842.09,384.97
272,West Bengal,2003,4.631953826,0,0,0,443.6816623,30,117.4533883,31,114.0934799,41,91.37863191,41,301.8640687,302.5967126,299.5367551,297.6805166,-6,1.532978772,4.76604156,5.712400937,NA,NA,NA,NA,5856.63,339.76
273,West Bengal,2004,4.67786106,0,0,0,356.7575004,30,141.6668947,31,66.28119767,41,19.02114296,41,301.8005123,303.5212097,300.8466602,297.0144754,-5,1.542840967,4.95347849,5.715451492,20865636,4002017,NA,42,5783.62,320.83
274,West Bengal,2005,5.019238733,0,0,0,279.3511445,30,105.8634438,31,90.24398563,41,235.7201632,41,303.65994,302.4022077,300.0051105,296.7945788,-4,1.613278275,4.662149998,5.711757945,22178946,4446464,NA,NA,5782.94,288.11
275,West Bengal,2006,5.20715691,0,0,0,263.4025456,30,231.5552888,31,47.42645636,41,44.47630467,41,301.9939917,301.9515519,300.3578729,297.7622254,-3,1.650034008,5.444818673,5.71026658,23907712,4736330,85726,NA,5687.03,283.86
276,West Bengal,2007,5.117077452,0,0,0,450.9912571,30,94.12802286,31,48.41659777,41,79.03288732,41,302.164964,303.265329,300.0241137,297.5834739,-2,1.632583466,4.544655801,5.714608096,25763218,5609876,NA,NA,5719.78,281.63
277,West Bengal,2008,4.947991148,0,0,0,498.4358331,30,158.2114512,31,52.31274937,41,58.6344644,41,301.033031,302.3460203,300.3444449,297.6367415,-1,1.598981666,5.063932437,5.711572124,27024826,6036140,NA,NA,5935.71,292.46
278,West Bengal,2009,4.875283161,0,1,0,185.1740878,30,276.7731311,31,41.76121661,41,22.20269995,41,303.3225927,301.8958077,300.7710917,297.9657322,0,1.584178187,5.623198149,5.71008195,NA,NA,NA,NA,5630.1,214.07
279,West Bengal,2010,5.680622121,0,1,0,356.0943374,30,187.8406896,31,48.57116216,41,63.5816084,41,302.680024,302.6502848,302.2498349,298.6801378,1,1.737060755,5.235594208,5.712577963,NA,NA,NA,NA,NA,NA
280,West Bengal,2011,5.209838343,0,1,0,509.0569887,30,176.638488,31,77.79812912,41,42.62365079,41,302.0071633,301.880539,299.589119,297.5276656,2,1.650548827,5.174105203,5.710031373,NA,NA,NA,NA,NA,NA
281,West Bengal,2012,4.539714594,0,1,0,266.1903662,30,75.1312436,31,69.02955698,41,58.00870824,41,303.6095497,303.7722687,299.7221373,297.0292312,3,1.512864145,4.319236499,5.716278305,NA,NA,NA,NA,NA,NA
282,West Bengal,2013,5.158148382,0,1,0,296.1391589,30,199.7039249,31,46.73463095,41,166.3675379,41,302.169698,302.0111416,300.7581156,296.7665388,4,1.640577674,5.296835894,5.710463909,NA,NA,NA,NA,NA,NA
283,West Bengal,2014,4.820817468,0,1,0,357.5169289,30,173.8524467,31,25.66617435,41,44.49421747,41,302.874432,302.5611268,300.594182,297.3689702,5,1.572943513,5.158206932,5.712283329,NA,NA,NA,NA,NA,NA
284,West Bengal,2015,4.651329649,0,1,0,349.6300447,30,138.1443634,31,110.8662217,41,32.0288021,41,302.344352,302.8490823,299.808882,298.1540866,6,1.537153125,4.92829925,5.713234603,NA,NA,NA,NA,NA,NA
285,West Bengal,2016,6.094210151,0,1,0,273.3294255,30,223.4776138,31,58.5638591,41,68.13146917,41,302.701505,302.0740768,301.3454707,297.9653124,7,1.807339165,5.409311247,5.710672275,NA,NA,NA,NA,NA,NA
