"","State","Year","NDVI","Tr_State","Post","DiD","Rainfall_June","RainyDays_June","Rainfall_May","RainyDays_May","Rainfall_P1","RainyDays_P1","Rainfall_P2","RainyDays_P2","Temp_June","Temp_May","Temp_P1","Temp_P2","Time_To_Treatment","Log_NDVI","Log_Rainfall_June","Log_Rainfall_May","Log_Temp_June","Log_Temp_May","GSDP","AgGDP","Population","SoD","RiceT","RiceK"
"1","Andhra Pradesh",2002,0.405047469,0,0,0,104.37295146,30,34.060692487,31,11.300403321,41,161.176621594,41,302.451415,305.03792,302.609276829268,298.337101707317,-7,-0.903751011336442,4.64797055624787,3.52814400641365,5.71192065300123,5.7204360967482,NA,NA,NA,NA,"1867.16","1354.72"
"2","Andhra Pradesh",2003,0.366179194,0,0,0,71.89496447,30,3.54003905,31,34.808828691,41,131.087686247,41,304.049060333333,305.946453870968,302.714268292683,298.912780243902,-6,-1.00463246430338,4.27520622708666,1.26413775815829,5.71718907106088,5.72341009929053,NA,NA,NA,NA,"1957.32","1367.87"
"3","Andhra Pradesh",2004,0.417207309,0,0,0,124.866779224,30,111.704579546,31,22.960519282,39,108.224084789,41,302.464901333333,302.920575806452,303.023021951219,298.510223414634,-5,-0.874172036833523,4.82724740276165,4.71585770385604,5.71196524208891,5.71347064509702,13476688,3224006,NA,38,"2227.69","1564.24"
"4","Andhra Pradesh",2005,0.382668874,0,0,0,73.02365936,30,37.945196248,31,34.76985117,41,272.248276614,41,303.852855,304.523099032258,302.590341707317,297.800233414634,-4,-0.960585222494689,4.29078348946098,3.63614291474921,5.71654355462081,5.71874694316364,14197662,3280413,NA,NA,"2520.72","1595.2"
"5","Andhra Pradesh",2006,0.452850735,0,0,0,139.63720686,30,80.68934795,31,40.651951927,41,210.606448082,41,302.476677333333,303.893435806452,302.16591195122,298.755173902439,-3,-0.792192711108505,4.93904767960195,4.39060657090076,5.71200417477404,5.71667709984232,15738632,3633146,46897.375,NA,"2488.9","1681.06"
"6","Andhra Pradesh",2007,0.425936686,0,0,0,289.264691,30,43.29010034,31,19.490839544,41,127.644093949,40,301.981518666667,304.912315483871,302.182960731707,298.489641707317,-2,-0.853464568171615,5.66734215475809,3.76792397930752,5.7103658190343,5.72002424505736,17802768,4799822,NA,NA,"2576","1734"
"7","Andhra Pradesh",2008,0.395849206,0,0,0,84.93460066,30,27.991705558,31,121.144881551,40,124.83729665,40,302.517559,305.054198709677,301.177241219512,298.76604195122,-1,-0.926721933176988,4.44188155634715,3.33190823621898,5.71213932206727,5.72048946150798,18182940,5349301,NA,NA,"2695.73","1777.37"
"8","Andhra Pradesh",2009,0.4010364,0,1,0,62.38864786,30,62.889257435,31,9.656175424,41,115.414787447,40,303.594908,304.404518387097,302.453944390244,299.498174390244,0,-0.913703082727862,4.13338333350445,4.14137536112364,5.71569427331231,5.71835746946178,NA,NA,NA,NA,"2325.74","1468"
"9","Andhra Pradesh",2010,0.420327225,0,1,0,151.60542137,30,115.768701591,31,7.280857755,41,265.95224717,41,302.865087333333,304.655729677419,303.32950097561,299.050921707317,1,-0.866721763908286,5.02128123358469,4.75159424873624,5.7132874500277,5.71918238392752,NA,NA,NA,NA,NA,NA
"10","Andhra Pradesh",2011,0.436382452,0,1,0,63.94600111,30,31.237982847,31,16.102108864,41,83.912355383,40,302.791642333333,304.506258709677,301.872058048781,299.146437073171,2,-0.829236236647463,4.15803899456068,3.44163475332852,5.7130449199054,5.71869164099349,NA,NA,NA,NA,NA,NA
"11","Andhra Pradesh",2012,0.37789737,0,1,0,84.300825715,30,25.309528895,31,9.993605943,41,156.805309975,41,303.731056,305.038177741936,302.578847317073,298.684634146342,3,-0.97313262816401,4.43439165991832,3.23118096098989,5.71614262563166,5.72043694169831,NA,NA,NA,NA,NA,NA
"12","Andhra Pradesh",2013,0.415849209,0,1,0,159.24550615,30,22.758350221,31,7.486326404,41,205.624027523,41,302.089206333333,305.171208709677,302.837412195122,298.611070731707,4,-0.877432562797421,5.07044707521581,3.12493212073459,5.71072235896696,5.72087295914676,NA,NA,NA,NA,NA,NA
"13","Andhra Pradesh",2014,0.402697318,0,1,0,68.918966631,30,74.302208621,31,7.093958733,41,149.567131808,40,304.294028333333,304.310228064516,302.637067560976,299.262142682927,5,-0.909570071191605,4.23293141780095,4.30814067700197,5.71799443243608,5.71804766811761,NA,NA,NA,NA,NA,NA
"14","Andhra Pradesh",2015,0.416821412,0,1,0,222.7237198,30,40.476546748,31,40.561848315,41,211.369127942,41,302.235467333333,305.082462258065,302.352817317073,299.669952926829,6,-0.87509741750165,5.4059320786948,3.70072271373161,5.7112064067288,5.72058210812378,NA,NA,NA,NA,NA,NA
"15","Andhra Pradesh",2016,0.425872972,0,1,0,241.12631109,30,99.210278278,31,3.803419384,40,29.055280955,39,302.128956666667,304.848147096774,303.968583658537,300.185855121951,7,-0.853614164973014,5.48532090859836,4.5972416205969,5.71085393506257,5.71981377425359,NA,NA,NA,NA,NA,NA
"16","Assam",2002,0.640771038,0,0,0,566.0112257,30,393.5980488,31,259.964140652,41,123.128627325,41,299.786539666667,298.25314483871,295.733688536585,295.238861219512,-7,-0.445083080878599,6.33861391139873,5.97533020784874,5.70307068695098,5.69794260522657,NA,NA,NA,NA,"2540.73","464.52"
"17","Assam",2003,0.615590695,0,0,0,687.0860803,30,288.19305471,31,280.158552985,41,63.414222424,41,299.534533666667,298.309689032258,294.967020731707,295.727592439024,-6,-0.485172992466284,6.53245958320862,5.66363058442008,5.70222971530468,5.69813217182545,NA,NA,NA,NA,"2529.86","441.17"
"18","Assam",2004,0.61939338,0,0,0,499.1323953,30,390.08977569,31,543.77074756,41,43.425014294,41,299.726831333333,298.647864193548,295.380342926829,295.005510731707,-5,-0.4790146992625,6.21287138180255,5.96637690671002,5.70287149762037,5.69926516761599,5339771,1158871,NA,22,"2383.74","436.25"
"19","Assam",2005,0.610448342,0,0,0,284.0303692,30,314.2914258,31,295.457049895,41,107.051208967,41,300.590874,297.248463548387,295.355677073171,295.458444634146,-4,-0.49356160490012,5.64908116624701,5.75032066312597,5.70575011757659,5.69456836667069,5521356,1427998,NA,NA,"2420.34","398.33"
"20","Assam",2006,0.621797622,0,0,0,427.8775897,30,324.6798127,31,239.806802339,41,34.409288544,41,299.771578333333,299.217811290323,295.927555853659,295.902852439024,-3,-0.475140605745626,6.05883714930063,5.78283950501712,5.70302077908421,5.70117177404214,5778352,1434835,28931,NA,"2196.58","379.45"
"21","Assam",2007,0.630234709,0,0,0,684.8892028,30,261.06124118,31,241.593799441,41,123.771784284,41,299.703175666667,299.791605806452,296.143493170732,295.703385121951,-2,-0.461662975009303,6.52925707744242,5.56475502033531,5.70279257041819,5.70308758596514,6056720,1557501,NA,NA,"2323.99","354.13"
"22","Assam",2008,0.62808806,0,0,0,516.069748,30,276.0384105,31,249.66590989,41,67.091662083,41,299.890597,299.264217096774,295.688556585366,295.444385365854,-1,-0.465074899414318,6.24624192688948,5.62054002451238,5.70341773147883,5.70132685240488,6403256,1752517,NA,NA,"2484.14","350.68"
"23","Assam",2009,0.6297632,0,1,0,391.9785212,30,282.4598916,31,167.72155334,40,61.031447906,41,300.520266,299.198809032258,296.387830243902,296.188550487805,0,-0.4624114032704,5.97120704543214,5.64353656386969,5.705515192633,5.70110826558524,NA,NA,NA,NA,"2497.63","340.83"
"24","Assam",2010,0.623969254,0,1,0,655.0178193,30,543.6171543,31,557.929008166,41,81.952014987,41,299.411305,298.510402903226,296.489839268293,296.567200243902,1,-0.471654184262533,6.48466244030337,6.29824523862235,5.70181823012372,5.69880478282246,NA,NA,NA,NA,NA,NA
"25","Assam",2011,0.623151325,0,1,0,449.2816406,30,443.7733927,31,217.952151477,41,51.300420162,41,300.494182666667,298.937086129032,295.756224634146,295.346587804878,2,-0.472965892418182,6.1076499530111,6.09531405534385,5.70542839494151,5.70023313696632,NA,NA,NA,NA,NA,NA
"26","Assam",2012,0.619845576,0,1,0,755.7381905,30,220.560385403,31,221.707272344,41,48.449708901,41,299.814230333333,299.432606129032,295.710474878049,295.23979902439,3,-0.478284902934067,6.62769500733834,5.39617151409795,5.70316305063052,5.70188937096241,NA,NA,NA,NA,NA,NA
"27","Assam",2013,0.653866431,0,1,0,375.08433575,30,488.4877295,31,208.27272653,41,64.14463933,41,301.301872333333,298.468003870968,296.366419512195,295.15731902439,4,-0.424852182328485,5.92715089601858,6.19131435243655,5.70811266029993,5.69866273737543,NA,NA,NA,NA,NA,NA
"28","Assam",2014,0.62240662,0,1,0,523.4082495,30,310.8886836,31,84.378565727,41,47.482945574,41,300.767906333333,298.73098,296.890075121951,296.533601463415,5,-0.474161669927733,6.26036175133981,5.73943491756018,5.70633889201287,5.69954343594703,NA,NA,NA,NA,NA,NA
"29","Assam",2015,0.65758076,0,1,0,634.3452376,30,345.2634989,31,217.373599832,41,44.508754148,41,299.865788333333,298.645242903226,296.528858780488,295.925354390244,6,-0.41918769357573,6.45259334503104,5.84430789043889,5.70333500233317,5.6992563903832,NA,NA,NA,NA,NA,NA
"30","Assam",2016,0.629025462,0,1,0,409.43786584,30,411.8105301,31,344.098775241,41,120.930057491,41,300.750937333333,298.324090322581,296.361538048781,297.000140731707,7,-0.463583542973809,6.01478516001024,6.02056336517497,5.70628247150274,5.69818044696784,NA,NA,NA,NA,NA,NA
"31","Bihar",2002,0.4492846,0,0,0,192.87977636,30,104.10978955,31,13.982209668,41,44.549999819,41,303.132553666667,302.961513225806,301.294393170732,296.889812926829,-7,-0.800098739033171,5.26206707439485,4.64544601106497,5.71417018069398,5.71360577838502,NA,NA,NA,NA,"3584.73","583.28"
"32","Bihar",2003,0.429274213,0,0,0,322.212502,30,34.448460093,31,29.242552541,40,111.516847193,41,303.481473333333,304.742016129032,300.895511707317,296.916520487805,-6,-0.845659373107578,5.77521127197644,3.53946429669282,5.71532056525357,5.71946556991823,NA,NA,NA,NA,"3768.25","744.15"
"33","Bihar",2004,0.431448501,0,0,0,258.0743986,30,63.693702834,28,11.526034735,37,11.219852476,36,302.914055333333,304.867116774194,302.056101463415,296.236869756098,-5,-0.840607124364601,5.55324791001861,4.15408570108238,5.71344911950972,5.71987599896256,7778116,2067296,NA,39,"3140.11","534.52"
"34","Bihar",2005,0.417861093,0,0,0,153.345471836,30,34.483110221,31,15.556496676,34,68.947390659,34,306.253389,304.394928387097,301.13649195122,296.650064390244,-4,-0.872606215082843,5.03269336182954,3.54046964535268,5.72441282792016,5.71832596483394,7646594,2082723,NA,NA,"3251.26","533.24"
"35","Bihar",2006,0.4390004,0,0,0,242.84754797,30,111.654769265,31,38.858311429,41,23.71839017,41,303.280826333333,303.950647096774,301.152182926829,297.456411707317,-3,-0.82325495474565,5.49243387184969,4.71541169358523,5.71465919585925,5.71686534315043,8884017,2714782,93549,NA,"3364.04","518.02"
"36","Bihar",2007,0.41944,0,0,0,271.99569656,30,60.43927909,31,25.592632413,31,26.827148741,40,303.811078333333,304.836891612903,300.93338,297.328382195122,-2,-0.86883479071786,5.60578624470025,4.10163920963651,5.71640605537348,5.71977685196369,9377406,2704872,NA,NA,"3477.42","524.27"
"37","Bihar",2008,0.426215816,0,0,0,346.15264303,30,93.22321118,31,18.078031975,36,3.106227498,39,302.087038666667,304.264589354839,301.088300731707,297.574994146341,-1,-0.852809450667816,5.84687984259972,4.5349967376802,5.71071518335658,5.7178976825827,10741179,3665967,NA,NA,"3495.27","546.87"
"38","Bihar",2009,0.4290183,0,1,0,127.640172988,30,170.356025973,31,5.916964909,38,9.224701027,35,305.378664333333,303.537289354839,301.612266341463,297.229301463415,0,-0.846255703621261,4.8492151566896,5.13789051755236,5.72155252896013,5.71550446738344,NA,NA,NA,NA,"3124.04","525.89"
"39","Bihar",2010,0.432854286,0,1,0,152.384748755,30,82.326805816,31,8.84779203,35,54.142817267,41,305.231151333333,304.852317419355,303.47336,298.140228536585,1,-0.837354129555816,5.02640856445874,4.41069676322987,5.72106936279056,5.71982745415978,NA,NA,NA,NA,NA,NA
"40","Bihar",2011,0.450945702,0,1,0,310.46456916,30,84.84208039,31,23.477778766,41,21.71380683,37,303.318323333333,303.737798387097,300.393561951219,297.103338292683,2,-0.796408341405972,5.7380697858771,4.44079165073012,5.71478282610195,5.7161648239289,NA,NA,NA,NA,NA,NA
"41","Bihar",2012,0.415256333,0,1,0,145.88938932,30,13.765722262,31,21.251613647,41,14.842492118,29,306.140001333333,306.382806129032,300.110587560976,296.326072926829,3,-0.878859279551447,4.98284872718156,2.62218160812249,5.72404251801887,5.72483532052502,NA,NA,NA,NA,NA,NA
"42","Bihar",2013,0.460768538,0,1,0,265.30320664,30,121.713270806,31,16.30853326,32,113.992938609,35,303.096288666667,304.216582580645,301.30250097561,296.264713414634,4,-0.774859448841152,5.58087334791573,4.80166803929088,5.71405053940505,5.71773989043889,NA,NA,NA,NA,NA,NA
"43","Bihar",2014,0.424498539,0,1,0,170.75941622,30,99.200495571,31,3.125342659,35,57.42090074,40,304.842376333333,304.867513548387,300.857592439024,296.647156097561,5,-0.856846714932771,5.14025564316759,4.59714300995375,5.71979484411373,5.71987730042774,NA,NA,NA,NA,NA,NA
"44","Bihar",2015,0.427110032,0,1,0,183.409199221,30,46.908149529,31,65.726520197,39,24.122717165,41,304.839046666667,304.932590322581,299.884200731707,297.847454146342,6,-0.850713612766225,5.21171971789376,3.84819142430159,5.7197839214694,5.72009073684412,NA,NA,NA,NA,NA,NA
"45","Bihar",2016,0.444448324,0,1,0,202.9894119,30,96.26152981,31,22.040428771,35,5.175810774,36,304.292596333333,303.554893548387,302.222394390244,297.482551463415,7,-0.810921487254426,5.31315381955343,4.56706875622738,5.7179897264503,5.71556246250856,NA,NA,NA,NA,NA,NA
"46","Chhattisgarh",2002,0.441378433,0,0,0,225.40655629,30,9.447038078,28,17.893702034,41,36.846744464,37,302.438502333333,307.012835806452,302.335387073171,296.608425853659,-7,-0.817852646797253,5.41790568853846,2.24570126147645,5.71187795873142,5.72688955715763,NA,NA,NA,NA,"3777.66","3777.66"
"47","Chhattisgarh",2003,0.491873397,0,0,0,188.290867163,30,0.819000288,27,37.230320296,40,95.006942408,41,304.493429666666,307.398301290322,301.978115365854,296.35993195122,-6,-0.709533918773848,5.23798793296271,-0.199670843480778,5.71864950946778,5.72814430503302,NA,NA,NA,NA,"3828.99","3828.99"
"48","Chhattisgarh",2004,0.475386579,0,0,0,242.507087155,30,24.716239411,31,13.342912636,31,20.284246562,35,302.012271666667,305.564737741935,303.435395853659,296.031610731707,-5,-0.743626955417944,5.49103093533193,3.20746049363021,5.71046765120714,5.72216166366467,4786229,705744,NA,20,"3843.87","3843.87"
"49","Chhattisgarh",2005,0.441580466,0,0,0,184.74929594,30,18.367659506,27,9.657118249,39,83.631646254,32,305.387066666667,305.978824516129,302.20679097561,295.789462926829,-4,-0.81739501959908,5.21899974894148,2.91059148261778,5.72158004305566,5.7235158986302,4940774,890805,NA,NA,"3854.37","3854.37"
"50","Chhattisgarh",2006,0.486094166,0,0,0,127.444344515,30,66.910048093,31,40.430499264,41,46.844620621,40,303.265993333333,304.243023870968,301.039446097561,296.780477317073,-3,-0.721352916648499,4.84767975569084,4.20334915156595,5.71461028619714,5.71782680266793,5859816,967892,23189.5,NA,"3905.34","3905.34"
"51","Chhattisgarh",2007,0.448173708,0,0,0,297.14263302,30,15.664696528,31,28.93626749,30,18.399262242,34,302.950918333333,305.696273225806,301.952223170732,296.352935609756,-2,-0.802574380647867,5.69421226938015,2.7514095516024,5.7135708066897,5.72259203786993,6364377,1295565,NA,NA,"3902.9","3902.9"
"52","Chhattisgarh",2008,0.439174107,0,0,0,377.10092456,30,5.401012627,30,63.403707351,39,12.627648047,36,300.728170666667,306.169729677419,301.22125097561,297.179956341463,-1,-0.822859345442759,5.93251285602476,1.68658645950841,5.70620676923354,5.72413962032707,6898211,1314267,NA,NA,"3928.83","3928.83"
"53","Chhattisgarh",2009,0.5001717,0,1,0,85.112131818,30,14.659753328,31,8.75320865000001,40,40.401753224,32,305.513435666667,306.47622516129,302.678928048781,296.938798292683,0,-0.69280383950823,4.44396958497215,2.68510587012322,5.72199375691355,5.72514018356273,NA,NA,NA,NA,"3837.6","3837.6"
"54","Chhattisgarh",2010,0.468501932,0,1,0,158.216917552,30,35.04156658,31,3.700419941,40,109.315890114,41,304.226205666667,306.321641935484,304.72330097561,297.273325853659,1,-0.758215053512803,5.0639669873658,3.55653497340214,5.71777152229058,5.72463566735147,NA,NA,NA,NA,NA,NA
"55","Chhattisgarh",2011,0.452505293,0,1,0,287.33358803,30,10.767944488,31,21.349076611,41,2.860143799,26,301.61463,305.771222903226,301.81120804878,297.064566097561,2,-0.792955818672999,5.6606438684105,2.37657361761419,5.70915014291489,5.72283718476088,NA,NA,NA,NA,NA,NA
"56","Chhattisgarh",2012,0.4147102,0,1,0,177.967520739,30,6.99445381,31,10.412601265,41,69.095110113,30,304.360279,307.004627741935,302.383862926829,295.950523414634,3,-0.880175315938719,5.18160106588439,1.94511752215245,5.71821212798552,5.72686282155155,NA,NA,NA,NA,NA,NA
"57","Chhattisgarh",2013,0.472532697,0,1,0,387.66760276,30,3.277280526,30,30.620643156,40,138.140069342,36,301.122941333333,307.339189354839,302.429127073171,295.77759195122,4,-0.749648334442549,5.9601482785338,1.18701397056915,5.70751862432664,5.72795198900686,NA,NA,NA,NA,NA,NA
"58","Chhattisgarh",2014,0.452585795,0,1,0,117.889760154,30,49.148065909,30,12.46877574,38,104.040950615,36,304.290765333333,304.887106451613,302.083805853659,296.637242926829,5,-0.792777931604439,4.76974995181219,3.8948374950356,5.7179837091974,5.71994156530607,NA,NA,NA,NA,NA,NA
"59","Chhattisgarh",2015,0.445890498,0,1,0,317.66908953,30,25.817533648,30,37.102890471,40,19.995450632,41,302.282323333333,306.282012903226,301.080236097561,297.967949512195,6,-0.807681877286459,5.76101024201892,3.2510538598646,5.71136142615359,5.72450628832476,NA,NA,NA,NA,NA,NA
"60","Chhattisgarh",2016,0.444446013,0,1,0,204.48601815,30,23.72431861,31,21.146652222,36,2.430854876,24,303.87067,305.864458387097,303.521415365854,296.554760731707,7,-0.810926686972557,5.32049960224081,3.16650062374636,5.71660218325463,5.72314205737523,NA,NA,NA,NA,NA,NA
"61","Gujarat",2002,0.237587058,0,0,0,147.988442357,30,2.153366141,30,2.276634957,39,1.003332533,31,304.342607,305.413883225806,302.21589195122,300.590152926829,-7,-1.43722116267414,4.99713417853233,0.767032264768852,5.71815406353269,5.72166785090587,NA,NA,NA,NA,"480.8","469"
"62","Gujarat",2003,0.229560647,0,0,0,100.313725298,30,0.731250004,30,0.428933951,29,0.249445547,28,304.053026,304.917315806452,302.264701951219,300.027812195122,-6,-1.47158802731068,4.60830252805846,-0.312999874965985,5.71720211382707,5.72004064413777,NA,NA,NA,NA,"675.3","651.4"
"63","Gujarat",2004,0.242147854,0,0,0,127.546191686,30,16.344540917,29,0.071519584,23,1.536603783,30,303.745457333333,304.835286774194,302.594572195122,299.859178780488,-5,-1.41820677244762,4.84847858672146,2.79389395272146,5.71619003926172,5.71977158736817,20337300,2674600,NA,76,"679.4","665.6"
"64","Gujarat",2005,0.241473471,0,0,0,183.835432918,30,1.762575812,31,0.007287139,15,0.566838673,13,304.183412666667,304.673467096774,301.671918536585,299.522642682927,-4,-1.42099566285524,5.21404097109169,0.566776268679925,5.71763085061551,5.7192406034235,23377600,3532300,NA,NA,"672.9","648.3"
"65","Gujarat",2006,0.253753974,0,0,0,79.116746793,30,2.954064279,31,0.189636729,41,1.023679967,28,304.030328,304.796666129032,301.260425365854,300.376287073171,-3,-1.37139008766503,4.37092456909045,1.0831819438589,5.7171274595881,5.7196448858558,25339300,4207500,55555.5,NA,"689.3","655.6"
"66","Gujarat",2007,0.244727241,0,0,0,124.208051584,30,1.489001909,31,2.078080988,23,5.662455852,25,304.270742333333,304.899481935484,302.361977317073,300.172097560976,-2,-1.40761099065929,4.8219579949666,0.398106035769553,5.71791790483825,5.71998215486349,28127300,5107700,NA,NA,"758.6","726"
"67","Gujarat",2008,0.246546448,0,0,0,116.483281344,30,1.165974463,31,3.202622258,32,1.629721702,29,303.254196,304.098342580645,301.598922926829,300.436919756098,-1,-1.40020487322981,4.7577477549307,0.15355718631625,5.71457138449678,5.71735114442396,30034100,5108800,NA,NA,"747.3","722.1"
"68","Gujarat",2009,0.2387893,0,1,0,53.466551145,30,0.638090241,30,1.269631644,36,15.955184418,25,304.458045333333,304.870052580645,302.685052926829,299.776502926829,0,-1.43217370583775,3.97905624613229,-0.449275562065879,5.71853329550058,5.71988562870665,NA,NA,NA,NA,"679.5","658.5"
"69","Gujarat",2010,0.244208766,0,1,0,43.031399145,30,0.660816942,31,0.219081843,34,52.520180382,38,305.050806666667,306.354637419355,303.288042195122,300.416282439024,1,-1.40973182114391,3.76193006189242,-0.414278418484178,5.7204783419696,5.724743376708,NA,NA,NA,NA,NA,NA
"70","Gujarat",2011,0.253700727,0,1,0,39.25818287,30,1.601044594,31,0.16475855,41,1.323872023,25,304.531795333333,304.675196451613,302.117474390244,301.080948780488,2,-1.37159994679173,3.67015990326365,0.470656287468016,5.71877549987062,5.71924627950008,NA,NA,NA,NA,NA,NA
"71","Gujarat",2012,0.241059744,0,1,0,28.7548807,30,1.700188686,31,0.516335788,41,0.083162185,26,304.506237,304.567913225806,301.677530731707,299.829531707317,3,-1.42271047579877,3.35880751631343,0.530739236667746,5.7186915696988,5.71889409422228,NA,NA,NA,NA,NA,NA
"72","Gujarat",2013,0.26321382,0,1,0,140.46530178,30,0.981527907,30,2.331996035,27,3.322370595,27,303.499883666667,305.292623870968,301.368252439024,299.037371219512,4,-1.33478857331067,4.94496049585363,-0.0186448326591337,5.7153812271936,5.72127073918355,NA,NA,NA,NA,NA,NA
"73","Gujarat",2014,0.237415422,0,1,0,14.603126415,30,2.38047898,31,1.098369501,29,5.92956441,32,305.355893,305.197143548387,301.391843658537,301.254042439024,5,-1.43794383682721,2.68123564380372,0.867301719535736,5.72147795864781,5.72095794008861,NA,NA,NA,NA,NA,NA
"74","Gujarat",2015,0.23888685,0,1,0,107.148565504,30,1.019959238,31,7.168724716,33,1.559810285,38,304.374320666667,306.064251612903,302.325035365854,301.135363658537,6,-1.43176527011679,4.67421633409315,0.0197626637525499,5.7182582619384,5.72379505250241,NA,NA,NA,NA,NA,NA
"75","Gujarat",2016,0.242229166,0,1,0,55.440819444,30,3.517430066,31,0.345341245,28,0.137236058,24,305.236570333333,305.945396129032,302.286336585366,299.214644878049,7,-1.41787103397363,4.01531613550834,1.25773062807458,5.72108711639098,5.72340664200658,NA,NA,NA,NA,NA,NA
"76","Haryana",2002,0.242850933,1,0,0,36.445160625,30,23.520311488,27,6.744081405,38,4.13391997,38,306.744965,307.127704516129,299.734333658537,295.886244634146,-7,-1.41530746832006,3.59580868215057,3.15786436648015,5.72601666943838,5.72726363671589,NA,NA,NA,NA,"905.66","905.66"
"77","Haryana",2003,0.244769736,1,0,0,51.208851441,29,13.88724978,28,13.017617986,38,2.851723195,33,307.382062,305.413791935484,299.304435121951,295.193837317073,-6,-1.40743736343745,3.93591239681052,2.63097113716166,5.7280914754656,5.72166755199891,NA,NA,NA,NA,"1015.19","1015.19"
"78","Haryana",2004,0.269674419,1,0,0,48.084241387,30,8.128779114,25,1.173340452,25,12.916471808,27,305.20217,306.031651935484,301.674222195122,294.485744146341,-5,-1.31053990316813,3.87295450154005,2.0954107418033,5.72097440947677,5.72368853430073,9579512,2097146,NA,109,"1024.24","1024.24"
"79","Haryana",2005,0.26467087,1,0,0,71.438779048,30,17.666346278,30,13.430523323,37,1.212182758,22,307.509194,305.199137096774,298.717042682927,295.411066097561,-4,-1.32926822491713,4.26884084582869,2.87166148951202,5.72850498598659,5.72096447206939,10460779,2175379,NA,NA,"1046.61","1046.61"
"80","Haryana",2006,0.267037322,1,0,0,63.191223558,30,21.101068453,31,30.526993079,41,13.041489954,40,305.495519,306.629503225806,298.209731219512,296.498544878049,-3,-1.32036684757905,4.14616542375663,3.04932367678292,5.7219351107463,5.72564018889822,11634434,2735729,23248,NA,"1042.06","1042.06"
"81","Haryana",2007,0.278205479,1,0,0,64.349882599,30,16.912284924,31,55.169480284,29,1.81653176,22,306.617780333333,306.044901290323,299.379103658537,296.124774390244,-2,-1.27939530522231,4.16433510962711,2.82804027643157,5.72560195671102,5.72373182743056,12617076,3219437,NA,NA,"1072.57","1072.57"
"82","Haryana",2008,0.34034481,1,0,0,210.03085005,30,48.557376602,31,32.344166439,40,8.155410064,30,303.277900666667,304.172852903226,298.818844146341,296.662957804878,-1,-1.07779602821282,5.34725442492799,3.88274612144511,5.71464954908793,5.71759613489369,13647794,4013723,NA,NA,"1211.17","1211.17"
"83","Haryana",2009,0.203002,1,1,1,20.470306653,27,19.926702447,30,24.757991291,37,4.540492217,28,307.523005,305.747060967742,298.477801219512,295.40284195122,0,-1.59453944777213,3.01897538016675,2.99206066378661,5.72854989745635,5.72275816198712,NA,NA,NA,NA,"1206.45","1206.45"
"84","Haryana",2010,0.241576313,1,1,1,50.394558049,30,19.814043911,31,2.849606073,35,15.929398681,34,306.455672,307.509581290323,302.498839512195,296.100471219512,1,-1.42056985994647,3.91988319402933,2.98639097470867,5.72507311848945,5.72850624542887,NA,NA,NA,NA,NA,NA
"85","Haryana",2011,0.279879757,1,1,1,83.203377139,30,25.350381547,31,17.417097115,41,0.331833878,30,305.023532333333,305.766808387097,297.843198292683,296.139612926829,2,-1.27339520733406,4.42128793761637,3.23279378108763,5.72038892882236,5.72282274733948,NA,NA,NA,NA,NA,NA
"86","Haryana",2012,0.202907532,1,1,1,5.880817606,29,3.324574237,31,14.776068944,41,7.324844085,34,308.469519333333,306.076236451613,297.82257,294.753035121951,3,-1.59500491110452,1.77169580088362,1.20134161688628,5.73162303565483,5.72383420965324,NA,NA,NA,NA,NA,NA
"87","Haryana",2013,0.248099544,1,1,1,61.407792909,30,3.782578579,24,29.051386572,37,14.097386591,28,305.766304666667,306.427260645161,298.099514634146,294.77756804878,4,-1.39392522625463,4.11753674744141,1.33040594082017,5.7228210999375,5.7249804046828,NA,NA,NA,NA,NA,NA
"88","Haryana",2014,0.246478427,1,1,1,20.949131298,25,16.189284777,31,53.366982712,40,9.107624377,28,307.807064666667,304.463096451613,296.904191219512,295.433548536585,5,-1.40048080657063,3.04209718001917,2.78434958987616,5.7294731732748,5.71854988588621,NA,NA,NA,NA,NA,NA
"89","Haryana",2015,0.241135072,1,1,1,68.27139921,30,13.043101775,30,84.238504128,37,17.257871813,40,305.471294,306.179209032258,297.40070902439,296.602845121951,6,-1.42239803776289,4.22349092645965,2.56825939439381,5.7218558102033,5.72417058095831,NA,NA,NA,NA,NA,NA
"90","Haryana",2016,0.297377551,1,1,1,57.997921705,30,29.605543397,28,29.712593201,32,0.061568294,26,306.817086333333,306.334125806452,299.569203902439,296.401799512195,7,-1.21275273200153,4.060407177232,3.38796162072156,5.72625176003275,5.72467642064762,NA,NA,NA,NA,NA,NA
"91","Himachal Pradesh",2002,0.348272752,0,0,0,72.37226717,30,32.94534898,31,48.395498715,41,23.058661332,41,285.795936666667,282.59624516129,276.172658780488,275.988835609756,-7,-1.05476933608012,4.28182317587111,3.49485009711587,5.65527804799325,5.64401918340098,NA,NA,NA,NA,"83.28","83.28"
"92","Himachal Pradesh",2003,0.339391333,0,0,0,67.589537859,30,77.688302301,31,127.174916904,41,31.037849108,41,285.558692333333,279.909870322581,275.382301707317,276.246945853658,-6,-1.08060146274849,4.21345320567211,4.3527046965032,5.65444758531762,5.63446765964593,NA,NA,NA,NA,"81.34","81.34"
"93","Himachal Pradesh",2004,0.35915603,0,0,0,78.08687045,30,29.911312175,31,40.713895674,41,34.112855461,41,284.968138,281.983030645161,278.062147073171,272.392806585366,-5,-1.02399836096006,4.35782193067738,3.39823674245857,5.65237737752773,5.64184689411037,2407658,474739,NA,30,"79.52","79.52"
"94","Himachal Pradesh",2005,0.312856643,0,0,0,72.92486716,30,74.36720919,31,137.331352305,41,10.159270171,41,284.836729666667,280.413035483871,274.99297097561,275.974915853659,-4,-1.16201020294508,4.28942969415459,4.30901510799253,5.65191613774857,5.6362636429667,2610733,514931,NA,NA,"79.37","79.37"
"95","Himachal Pradesh",2006,0.354154779,0,0,0,89.11188535,30,52.157638639,31,169.462037453,41,37.681837574,41,285.657918,283.367230322581,274.505100731707,276.597556829268,-3,-1.03802123259147,4.48989271895888,3.95427064510205,5.65479500402313,5.64674369009302,2848059,507211,6471.5,NA,"79.22","79.22"
"96","Himachal Pradesh",2007,0.382375893,0,0,0,114.226411955,30,57.83049568,31,159.445686507,41,12.348335562,40,287.118566333333,283.017718387097,279.093873414634,276.505778780488,-2,-0.96135114111007,4.73818254854606,4.05751624346315,5.65989525356042,5.64550950482505,3091673,582478,NA,NA,"78.56","78.56"
"97","Himachal Pradesh",2008,0.380840407,0,0,0,217.0888706,30,56.816812162,31,103.423159873,41,27.500859649,38,286.804224333333,281.69738483871,275.536881463415,275.997024878049,-1,-0.965374870874954,5.38030681163653,4.03983227069868,5.65879983781271,5.64083339134158,3321011,607806,NA,NA,"77.72","77.72"
"98","Himachal Pradesh",2009,0.3061595,0,1,0,39.155630271,30,53.673873835,31,102.913269046,40,70.521376465,41,285.095582,281.102469354839,275.194401463415,274.728128536585,0,-1.18364907099903,3.66754422489368,3.98292636236169,5.65282449948148,5.63871926248734,NA,NA,NA,NA,"76.19","76.19"
"99","Himachal Pradesh",2010,0.331429169,0,1,0,105.65856282,30,88.721178686,31,57.320225928,41,41.318201641,41,284.066598666667,282.600691935484,278.344962439024,274.498181463415,1,-1.10434116036148,4.66021278971294,4.48549862841373,5.64920871301725,5.64403491870986,NA,NA,NA,NA,NA,NA
"100","Himachal Pradesh",2011,0.376315392,0,1,0,120.310978886,30,35.525204884,31,156.734345648,41,20.148464632,41,284.958048333333,282.917865806452,274.655809512195,276.633408780488,2,-0.977327678684858,4.79007988137672,3.57024244128532,5.65234197060343,5.64515662868695,NA,NA,NA,NA,NA,NA
"101","Himachal Pradesh",2012,0.291740457,0,1,0,39.93626533,30,32.383071367,31,84.318645407,41,16.375034833,41,285.578446666667,281.395780645161,274.937553902439,275.391316585366,3,-1.23189071786201,3.6872848166051,3.47763579758067,5.65451676076426,5.63976215041422,NA,NA,NA,NA,NA,NA
"102","Himachal Pradesh",2013,0.377841987,0,1,0,240.18008075,30,40.138741272,31,84.585411331,41,48.413514571,41,285.532434,282.484595483871,275.302264146341,274.13946097561,4,-0.973279194568383,5.48138897843866,3.69234198443106,5.65435562684675,5.64362401983909,NA,NA,NA,NA,NA,NA
"103","Himachal Pradesh",2014,0.355627383,0,1,0,58.918819101,30,72.5118569,31,183.174552458,40,29.994182139,41,285.421615333333,281.014632903226,274.229978780488,275.762444390244,5,-1.03387177324526,4.07616054898014,4.28375009193713,5.65396743915218,5.63840674236663,NA,NA,NA,NA,NA,NA
"104","Himachal Pradesh",2015,0.340626694,0,1,0,100.23884405,30,49.70686461,31,163.178383909,41,53.494784879,41,284.173145666667,282.092846129032,275.297952926829,275.86126804878,6,-1.07696814036599,4.6075557786977,3.90614304449032,5.64958372022965,5.64223625834231,NA,NA,NA,NA,NA,NA
"105","Himachal Pradesh",2016,0.390781874,0,1,0,91.87823546,30,51.174565439,31,150.776778869,41,6.161385442,40,287.059796666667,283.050510645161,276.41173902439,277.765593170732,7,-0.93960574167014,4.52046417280409,3.93524263984545,5.65969054481255,5.64562536456216,NA,NA,NA,NA,NA,NA
"106","Jharkhand",2002,0.463286422,0,0,0,306.95244316,30,73.981257456,31,17.058714614,41,43.067456915,36,302.203476666667,303.839486451613,301.02596195122,295.782402439024,-7,-0.769409794133396,5.72669282731406,4.30381178350235,5.71110055429485,5.71649955686907,NA,NA,NA,NA,"1059.03","136.35"
"107","Jharkhand",2003,0.485165848,0,0,0,257.829672492,30,23.731865862,29,55.230991314,40,127.861999094,40,303.087826666667,304.65197516129,300.342133658537,296.235402682927,-6,-0.723264491858641,5.55229918276457,3.16681869618086,5.71402262049465,5.71917006005209,NA,NA,NA,NA,"2051.74","614.15"
"108","Jharkhand",2004,0.468212321,0,0,0,221.00593267,30,24.164924294,30,10.281328978,34,17.710369055,28,301.987354333333,304.918543870968,302.159497317073,295.237974634146,-5,-0.758833408594517,5.39818954581807,3.18490217241401,5.71038514342974,5.72004467166255,5975772,679460,NA,21,"1134.23","153.62"
"109","Jharkhand",2005,0.463301376,0,0,0,170.269695287,30,26.487318944,29,30.93384412,38,130.502636195,28,305.305754666667,304.565577741935,300.716861951219,295.475224878049,-4,-0.769377516566103,5.13738362284383,3.27666608804486,5.72131374878253,5.71888642600536,5784841,736560,NA,NA,"1104.12","149.37"
"110","Jharkhand",2006,0.500642732,0,0,0,192.89622176,30,104.65546956,31,36.409658602,41,30.250135658,36,302.226829333333,302.928232258064,300.387635365854,296.493612682927,-3,-0.691862542061434,5.26215233319835,4.6506737127914,5.71117782595528,5.71349592022015,5922572,865457,29967,NA,"1179.21","183.64"
"111","Jharkhand",2007,0.454609532,0,0,0,210.839019839,30,49.92063503,31,38.198648244,27,24.537225621,37,302.942234333333,303.675518387097,300.300166829268,296.298870487805,-2,-0.788316399899663,5.35109490313822,3.91043444493379,5.71354214156958,5.71595975763056,7137711,993415,NA,NA,"1198.06","183.31"
"112","Jharkhand",2008,0.466021612,0,0,0,403.4709773,30,44.185959316,31,23.851418695,32,3.245327235,37,300.770324,304.026815806452,300.54537,296.796148292683,-1,-0.763523268249499,6.00010455773773,3.78840707608429,5.70634693029388,5.7171159074056,7012946,1242345,NA,NA,"1196.87","188.44"
"113","Jharkhand",2009,0.4733021,0,1,0,74.542884582,30,129.397466931,30,8.97707884100001,40,26.702166697,26,304.920928666667,303.444951612903,301.460566829268,296.447466585366,0,-0.7480214051476,4.31137459174614,4.86288880638061,5.72005249272303,5.7152002155078,NA,NA,NA,NA,"825.79","0"
"114","Jharkhand",2010,0.479916344,0,1,0,144.716142661,30,51.573935967,31,6.251436402,34,57.442912774,41,304.495138666667,304.667813225806,303.802998292683,297.436195609756,1,-0.734143473602639,4.97477418692447,3.94301642795439,5.71865512205261,5.71922204610217,NA,NA,NA,NA,NA,NA
"115","Jharkhand",2011,0.465999084,0,1,0,397.99029784,30,55.058891366,31,32.142300088,41,22.702343825,36,302.023938333333,303.835520645161,300.545069268293,296.213382926829,2,-0.763571610523659,5.98642762770087,4.0084033644954,5.7105062802379,5.71648650447624,NA,NA,NA,NA,NA,NA
"116","Jharkhand",2012,0.442166281,0,1,0,147.281764322,30,11.88091412,31,15.454741453,41,61.607420243,32,305.322601333333,305.760232258064,300.46019804878,295.469574390244,3,-0.816069266292961,4.99234751622569,2.47493325710224,5.72136892691668,5.72280124010073,NA,NA,NA,NA,NA,NA
"117","Jharkhand",2013,0.494345144,0,1,0,216.84500834,30,90.058094425,31,27.158002152,33,124.480440328,30,301.785475,304.416383870968,301.019196341463,295.333537073171,4,-0.70452133368714,5.37918285106324,4.50045495569998,5.70971641727629,5.71839644803111,NA,NA,NA,NA,NA,NA
"118","Jharkhand",2014,0.462970703,0,1,0,177.596205559,30,77.552734502,28,6.367628411,36,38.874742389,32,304.009792666667,304.223817096774,300.53038097561,295.969111219512,5,-0.770091503355826,5.17951246523411,4.35095815014853,5.7170599136067,5.71776367096409,NA,NA,NA,NA,NA,NA
"119","Jharkhand",2015,0.462424659,0,1,0,216.06294588,30,48.323481395,31,58.759398906,40,25.209219105,41,303.105446666667,304.886139354839,299.946854634146,297.39848804878,6,-0.771271634758675,5.37556978134185,3.87791759976876,5.71408075376923,5.71993839331785,NA,NA,NA,NA,NA,NA
"120","Jharkhand",2016,0.476439956,0,1,0,138.1638982,30,59.57112486,31,19.506680043,35,5.75281317,31,303.725579666667,304.002933548387,302.57143,296.485328048781,7,-0.741413574321049,4.9284406485533,4.08717097445711,5.71612459526369,5.71703735118988,NA,NA,NA,NA,NA,NA
"121","Karnataka",2002,0.390975477,0,0,0,219.254117,30,78.847852677,31,25.18454811,41,132.180558199,41,298.858585333333,301.935600322581,302.002020731707,297.598762439024,-7,-0.939110439633746,5.39023140872708,4.36752008002617,5.69997050275902,5.71021375067018,NA,NA,NA,NA,"1154.79","1030.45"
"122","Karnataka",2003,0.350331019,0,0,0,193.0270647,30,15.02568483,31,42.408909315,41,87.027519132,41,300.151614333333,303.367839677419,301.969876585366,298.018153170732,-6,-1.04887680288455,5.26283041067957,2.70976105875028,5.70428772810529,5.71494606155123,NA,NA,NA,NA,"1073.92","944.29"
"123","Karnataka",2004,0.387542597,0,0,0,200.2740618,30,175.65856397,31,39.232214477,41,80.797815065,41,298.575158333333,300.126796774194,302.167434146341,297.848935365854,-5,-0.947929508488411,5.29968673753148,5.16854213340147,5.69902168785104,5.70420504127633,16674713,2645533,NA,70,"1308.18","1055.09"
"124","Karnataka",2005,0.39817098,0,0,0,204.8245616,30,52.929813932,31,42.755011575,41,189.623304571,38,299.826929,302.593276774194,301.529461219512,296.49274902439,-4,-0.920873767958546,5.32215381566186,3.96896677050381,5.70320540485011,5.71238958291243,18427703,3258811,NA,NA,"1485.17","1076.03"
"125","Karnataka",2006,0.420187893,0,0,0,241.65152777,30,176.242283086,31,25.661469024,41,126.30506726,41,298.875405666667,301.675299032258,301.343718292683,297.837181707317,-3,-0.867053303456576,5.48749672051402,5.17185965682461,5.70002678308971,5.70935127019894,20266010,3326756,56973,NA,"1395.68","1066.99"
"126","Karnataka",2007,0.402855531,0,0,0,363.4940826,30,78.35600035,31,27.978777415,41,142.529213963,37,299.017784666667,301.942206774194,302.093990487805,297.362645609756,-2,-0.909177265177125,5.89576301788646,4.36126254978795,5.70050305211232,5.71023563076425,22820215,3902162,NA,NA,"1416.33","1051.46"
"127","Karnataka",2008,0.389266824,0,0,0,173.7607453,30,67.431552032,31,157.405071191,41,93.091790663,41,298.948063666667,301.770331290323,300.121907560976,297.490846341464,-1,-0.943490247622093,5.15767932598591,4.21111303941769,5.70026985819159,5.70966623563767,24442138,4061267,NA,NA,"1513.99","1129.89"
"128","Karnataka",2009,0.4181792,0,1,0,186.47305235,30,93.800146057,31,35.52338568,41,146.112547796,41,299.474479666667,302.034437096774,301.77334,297.97801195122,0,-0.871845230192486,5.22828673722307,4.54116641312184,5.70202920413084,5.7105410409957,NA,NA,NA,NA,"1486.49","1102.24"
"129","Karnataka",2010,0.421158562,0,1,0,230.9051227,30,52.83254148,31,20.936470214,41,216.8220037,41,299.739297333333,302.864890645161,302.499296097561,297.391568536585,1,-0.864745884378741,5.44200690190906,3.96712731677666,5.70291308796019,5.71328680060245,NA,NA,NA,NA,NA,NA
"130","Karnataka",2011,0.411410265,0,1,0,216.5948885,30,62.013454128,31,26.750789591,41,130.398181407,39,298.631606666667,301.815731935484,301.13422902439,297.840749268293,2,-0.888164350689048,5.3780287354888,4.12735136356807,5.69921072902341,5.70981667199799,NA,NA,NA,NA,NA,NA
"131","Karnataka",2012,0.375950452,0,1,0,192.32687635,30,40.967959992,31,21.388128261,41,126.030200374,38,299.588689666667,302.104978064516,301.814175609756,297.289120243902,3,-0.978297920871286,5.25919640543936,3.71279029759269,5.70241049948409,5.71077456645784,NA,NA,NA,NA,NA,NA
"132","Karnataka",2013,0.389297033,0,1,0,296.2750904,30,67.808536244,31,8.816824411,41,105.719141543,41,298.216225333333,302.560484516129,302.244404390244,297.389845853659,4,-0.943412645766463,5.6912883821964,4.21668809032503,5.69781881176032,5.71228120629745,NA,NA,NA,NA,NA,NA
"133","Karnataka",2014,0.402836021,0,1,0,103.34879608,30,113.537091567,31,21.925307891,41,123.244133945,41,300.643356333333,301.957659032258,302.114259512195,297.855951707317,5,-0.909225695621643,4.63810963710008,4.73212958148178,5.70592469956417,5.71028680566573,NA,NA,NA,NA,NA,NA
"134","Karnataka",2015,0.43028152,0,1,0,219.3046989,30,98.23472096,31,58.789964841,41,109.899401225,41,299.438280333333,302.137017419355,301.424779268293,298.901154390244,6,-0.843315586841138,5.39046208200688,4.58735972679864,5.7019083206373,5.7108806145482,NA,NA,NA,NA,NA,NA
"135","Karnataka",2016,0.389547862,0,1,0,348.9051153,30,70.14013626,31,9.694203186,41,32.053246969,41,298.845100666667,302.87655516129,303.459868780488,298.300087804878,7,-0.942768540604364,5.85480000930623,4.2504951873962,5.69992538118128,5.71332531378728,NA,NA,NA,NA,NA,NA
"136","Kerala",2002,0.661657476,0,0,0,343.2518915,30,289.6627877,31,134.555628111,41,379.77852107,41,298.080172,299.357984516129,300.16695902439,297.907384634146,-7,-0.413007264801748,5.83846455519371,5.66871744536838,5.69736248387941,5.70164012986058,NA,NA,NA,NA,"310.53","112.45"
"137","Kerala",2003,0.68581183,0,0,0,530.3501119,30,174.72186444,31,180.64419628,41,261.4543777,41,298.390335666667,300.009292580645,300.154183658537,298.066529512195,-6,-0.377151989175003,6.2735373769442,5.16319536351609,5.69840248062908,5.7038134494453,NA,NA,NA,NA,"287.34","102.77"
"138","Kerala",2004,0.648770123,0,0,0,473.9784899,30,447.4562721,31,179.74903021,41,312.39153962,41,297.831918,298.451199354839,300.526141463415,298.270723658537,-5,-0.432676826871337,6.16116194070757,6.10357881696274,5.69652929382159,5.69860643321888,11926400,1698051,NA,47,"289.99","105.36"
"139","Kerala",2005,0.643714122,0,0,0,446.623063,30,162.61390677,31,173.76216634,41,353.94045395,41,298.440040333333,300.18602,300.248765853659,297.895716341464,-4,-0.440500561372856,6.10171497936244,5.09137872094722,5.69856904275051,5.70440234916096,13129393,1894914,NA,NA,"275.74","98.26"
"140","Kerala",2006,0.700571764,0,0,0,389.3765231,30,430.78901485,31,159.48420338,41,495.5174886,41,298.363855333333,299.228798709677,300.196769756098,298.074971707317,-3,-0.355858471628695,5.96454680118736,6.06561844553743,5.69831373275349,5.70120849384028,14166669,2082101,32623.5,NA,"263.54","83.86"
"141","Kerala",2007,0.727624706,0,0,0,651.6059653,30,258.33210243,31,147.9097158,41,399.060177348,41,298.369186666667,299.757471290322,300.711670731707,297.930933170732,-2,-0.317969877444605,6.47944003153559,5.55424597588679,5.69833160115681,5.70297371866897,15409268,2221633,NA,NA,"228.94","77.53"
"142","Kerala",2008,0.638321541,0,0,0,380.1129278,30,216.7796638,31,306.74942669,41,359.9392717,41,298.094865666667,299.391999032258,299.315209268293,298.383035121951,-1,-0.448913139835383,5.94046838699272,5.37888146350532,5.69741177700892,5.7017537482893,16265920,2492744,NA,NA,"234.28","79.39"
"143","Kerala",2009,0.6537246,0,1,0,451.6483871,30,251.7597852,31,171.27329144,41,453.92635586,41,298.374498666667,299.849950645161,300.268815609756,298.824916341464,0,-0.425069117130259,6.11290397246139,5.52847539956227,5.69834940444532,5.70328218501608,NA,NA,NA,NA,"234.02","77.26"
"144","Kerala",2010,0.708102665,0,1,0,585.1408577,30,239.9949946,31,143.695645574,41,398.5659859,41,298.651347333333,300.383622580645,301.194395609756,297.932781463415,1,-0.345166188738778,6.37185260064159,5.48061806729117,5.69927683058061,5.70506039969754,NA,NA,NA,NA,NA,NA
"145","Kerala",2011,0.646686281,0,1,0,467.8836871,30,220.76656253,31,164.5262229,41,359.24758604,41,298.302469333333,299.754241290323,300.074098292683,298.396353414634,2,-0.435893984609563,6.14821973319088,5.39710586511805,5.69810796950633,5.70296294323312,NA,NA,NA,NA,NA,NA
"146","Kerala",2012,0.595920927,0,1,0,448.1145815,30,149.78260646,31,102.93787887,41,295.84190314,41,298.307797333333,299.944356774194,300.562961707317,298.390039512195,3,-0.517647293537396,6.10504896199018,5.00918495259263,5.69812583041251,5.70359698003378,NA,NA,NA,NA,NA,NA
"147","Kerala",2013,0.64075064,0,1,0,799.0231187,30,224.7101895,31,98.07055639,41,239.679136135,41,297.527481,300.092432903226,300.812382439024,298.51752097561,4,-0.445114914908959,6.68338987989086,5.41481152529264,5.69550659382879,5.70409053687758,NA,NA,NA,NA,NA,NA
"148","Kerala",2014,0.644434755,0,1,0,314.6307621,30,322.20133911,31,100.304155726,41,401.24863303,41,299.108952,300.064694193548,301.055843170732,298.584197073171,5,-0.439381695241705,5.75139976747133,5.77517662687949,5.70080789497738,5.70399809871949,NA,NA,NA,NA,NA,NA
"149","Kerala",2015,0.684101397,0,1,0,386.83762407,30,302.7337963,31,173.14379739,41,332.2788132,41,298.669434666667,299.812579032258,300.413344146342,298.893021463415,6,-0.379649131118161,5.95800502893661,5.71285385928327,5.69933739212102,5.70315754286786,NA,NA,NA,NA,NA,NA
"150","Kerala",2016,0.631041744,0,1,0,486.1672391,30,276.5513257,31,87.39746216,41,225.82831307,41,298.199292666667,300.53683,301.896805121951,298.638762439024,7,-0.460383263320057,6.18655267808155,5.62239643013739,5.69776203031799,5.70557030886111,NA,NA,NA,NA,NA,NA
"151","Madhya Pradesh",2002,0.355211891,0,0,0,146.22553865,30,7.278475938,30,4.173824608,38,29.649632206,34,304.461440333333,307.626086774194,302.146625853659,296.995262682927,-7,-1.03504079151005,4.98515021502892,1.98492149111617,5.7185444464001,5.72888504149391,NA,NA,NA,NA,"1671.14","1671.14"
"152","Madhya Pradesh",2003,0.386424625,0,0,0,138.133710626,29,0.873697933,25,7.390083789,35,7.025456835,38,305.271787333333,307.082161290323,302.004927804878,296.74213804878,-6,-0.950818449378333,4.92822213363926,-0.135020577481505,5.72120248581909,5.7271153381345,NA,NA,NA,NA,"1708.63","1708.63"
"153","Madhya Pradesh",2004,0.36738231,0,0,0,165.413674509,30,5.427217931,30,1.138923983,18,16.88134178,23,303.735282333333,306.752347741936,303.650856585366,296.155598536585,-5,-1.00135225651655,5.10844945455911,1.69142665108355,5.71615654025727,5.72604073716217,11292689,2753979,NA,48,"1675.56","1675.56"
"154","Madhya Pradesh",2005,0.369783537,0,0,0,141.263522696,30,3.405707367,27,0.880675846,21,17.815645171,20,306.307823666667,306.74628516129,301.43361,296.049425121951,-4,-0.994837479678832,4.95062710134505,1.22545266163809,5.72459055600899,5.72602097320405,11891946,3058330,NA,NA,"1700.47","1700.47"
"155","Madhya Pradesh",2006,0.375841582,0,0,0,78.20574874,30,15.702427822,31,14.748464814,41,12.283523926,32,304.722306666667,306.421418064516,300.496934390244,297.11464195122,-3,-0.97858754884242,4.35934315814853,2.75381533874294,5.71940089193254,5.72496133772272,12989612,3415396,66487.5,NA,"1674.05","1674.05"
"156","Madhya Pradesh",2007,0.365896602,0,0,0,134.486322054,30,4.845779541,31,9.758820637,27,5.203727795,23,304.876983333333,306.489757419355,301.889840487805,296.760335365854,-2,-1.00540449369045,4.90146249910483,1.57810812837559,5.71990836191331,5.72518433693649,13598571,3593132,NA,NA,"1634.94","1634.94"
"157","Madhya Pradesh",2008,0.370662313,0,0,0,326.72115462,30,5.987633334,31,12.031241141,36,6.433879851,33,301.703335666667,306.184902903226,301.525205365854,297.465288780488,-1,-0.992463838412295,5.7891070689441,1.7896962312156,5.70944420234078,5.72418917731579,15294616,4400691,NA,NA,"1706.57","1706.57"
"158","Madhya Pradesh",2009,0.3880608,0,1,0,57.453900285,30,6.701029948,31,5.161753,40,71.058032263,24,306.553992333333,306.992479677419,301.915602195122,296.650001219512,0,-0.94659325060426,4.05098289206867,1.90226123816475,5.72539389755672,5.7268232511224,NA,NA,NA,NA,"1593.09","0"
"159","Madhya Pradesh",2010,0.375828797,0,1,0,65.870162285,30,2.243489569,31,0.818928896,31,58.914895802,40,306.258049,308.442527741936,304.160575853659,297.835754146342,1,-0.978621566412776,4.18768556636598,0.808032496991401,5.72442804396254,5.73153553017802,NA,NA,NA,NA,NA,NA
"160","Madhya Pradesh",2011,0.357766167,0,1,0,311.70813101,30,3.460851766,31,3.473172941,41,0.195529274,18,303.211672333333,307.263956774193,301.553653170732,297.481570487805,2,-1.02787567079097,5.74206727244525,1.24151473391801,5.71443115016882,5.72770717222877,NA,NA,NA,NA,NA,NA
"161","Madhya Pradesh",2012,0.342576214,0,1,0,35.132885805,30,5.586289975,31,2.944025965,41,6.133702294,26,305.853824666667,306.938077419355,301.529790487805,296.238095853659,3,-1.07126112340661,3.55913760935992,1.72031537720322,5.72310729065098,5.72664602502548,NA,NA,NA,NA,NA,NA
"162","Madhya Pradesh",2013,0.390281197,0,1,0,291.4301148,30,0.317890973,25,18.427593373,35,18.488959573,29,302.305741,307.767983870968,301.160788536585,296.006223170732,4,-0.940887781718291,5.67480023365128,-1.14604680719047,5.71143889267356,5.72934619998099,NA,NA,NA,NA,NA,NA
"163","Madhya Pradesh",2014,0.331135703,0,1,0,26.218077899,30,2.889766983,30,6.832330135,33,31.881875869,32,306.511295333333,306.012482258064,300.970747317073,297.461096829268,5,-1.10522700877148,3.26644916897419,1.06117587015395,5.72525460733453,5.72362589281344,NA,NA,NA,NA,NA,NA
"164","Madhya Pradesh",2015,0.353244282,0,1,0,155.14336438,30,5.317301343,31,60.586098151,40,31.327048935,41,304.340389666667,307.648861935484,299.993156829268,298.401815365854,6,-1.04059544438503,5.04434962091757,1.67096590829707,5.71814677785741,5.72895907396134,NA,NA,NA,NA,NA,NA
"165","Madhya Pradesh",2016,0.376887714,0,1,0,110.88406904,30,10.993248374,31,11.336696065,31,0.171184819,16,305.856596,307.209803548387,302.705766829268,296.451878780488,7,-0.975807976746327,4.70848523245945,2.39728130017393,5.72311635158322,5.72753091335673,NA,NA,NA,NA,NA,NA
"166","Maharashtra",2002,0.364313448,0,0,0,346.91220923,30,15.132953733,31,9.783358316,41,48.143311559,40,301.582229,305.457993225806,302.948665853658,297.75797902439,-7,-1.00974066101815,5.84907174859995,2.71687473234212,5.70904271198401,5.72181226744157,NA,NA,NA,NA,"1523.3","1496.8"
"167","Maharashtra",2003,0.389774239,0,0,0,199.814087986,30,1.195343354,31,13.773445572,41,15.282773585,41,302.515624,305.832078387097,302.545635853659,298.467634878049,-6,-0.942187581829869,5.29738737416915,0.178433469636414,5.71213292572388,5.72303618788576,NA,NA,NA,NA,"1529.9","1500.4"
"168","Maharashtra",2004,0.368836711,0,0,0,192.2852531,30,42.101198098,31,2.920014522,39,27.226358754,37,301.589078333333,304.552573225806,303.591984390244,297.929357560976,-5,-0.9974012504966,5.25897996270666,3.7400761986682,5.70906542305548,5.71884372651886,41547968,3442261,NA,48,"1508.7","1488.2"
"169","Maharashtra",2005,0.379189795,0,0,0,195.676848882,30,7.351681019,31,8.306396432,39,68.904453061,27,303.486050333333,305.583849354839,302.495365609756,296.696204146341,-4,-0.969718420883234,5.27646456838524,1.99492899714261,5.71533564678536,5.72222420692604,47092933,3989710,NA,NA,"1512.5","1473.7"
"170","Maharashtra",2006,0.395931505,0,0,0,200.26402777,30,70.47869218,31,14.526955795,41,28.863671477,41,301.991979,304.836178064516,301.649169756098,298.021813658537,-3,-0.92651404985992,5.29963663478088,4.25531042555338,5.71040045741951,5.71977451120625,53465395,5097125,104626.5,NA,"1529.3","1491.3"
"171","Maharashtra",2007,0.386495939,0,0,0,319.5139884,30,13.94910754,31,8.736853252,40,20.996823237,34,302.055448666667,305.268803870968,303.054232682927,298.20996,-2,-0.950633918124996,5.7668010550188,2.63541553059361,5.71061060537807,5.72119271263641,59483158,6471248,NA,NA,"1576.7","1535.3"
"172","Maharashtra",2008,0.370578466,0,0,0,189.78635354,30,5.574100376,31,45.784055265,41,12.5096019,35,301.396417,305.39227516129,301.986145365854,298.443761219512,-1,-0.992690072593503,5.24589898443395,1.71813093679141,5.70842639826506,5.72159709829728,61019135,5919787,NA,NA,"1521.5","1499.5"
"173","Maharashtra",2009,0.3984303,0,1,0,94.92176219,30,13.874719696,31,6.230815899,41,96.431260696,36,303.460187,305.467543225806,303.13690902439,298.280296341463,0,-0.920222701946802,4.55305299639734,2.63006845733834,5.7152504223231,5.7218435314809,NA,NA,NA,NA,"1470.6","1450"
"174","Maharashtra",2010,0.398589534,0,1,0,206.27158362,30,7.514823547,31,3.875582794,40,131.261090875,41,302.796118,306.684797419355,304.088852439024,298.467868780488,1,-0.919823128447308,5.32919366759413,2.01687754282282,5.71305970113765,5.72582050164697,NA,NA,NA,NA,NA,NA
"175","Maharashtra",2011,0.371693788,0,1,0,171.7324532,30,8.499164817,31,5.846482696,41,26.416854516,33,301.392326,305.23074483871,302.251666341463,298.572505365854,2,-0.989684914221059,5.1459377611089,2.13996790184522,5.7084128246871,5.72106803102972,NA,NA,NA,NA,NA,NA
"176","Maharashtra",2012,0.358033504,0,1,0,124.05543514,30,7.51901475,31,4.076099751,41,27.420004017,33,302.768554333333,305.658469354839,303.083878536585,297.599279268293,3,-1.02712871036821,4.82072852328522,2.017435112091,5.71296866654483,5.7224683654147,NA,NA,NA,NA,NA,NA
"177","Maharashtra",2013,0.38287119,0,1,0,413.8894251,30,5.56596559,31,6.324064219,38,35.619410018,37,300.317345,306.368526774194,302.890129512195,297.690435121951,4,-0.960056664907113,6.02559884902023,1.71667048090708,5.70483973222906,5.72478871318506,NA,NA,NA,NA,NA,NA
"178","Maharashtra",2014,0.343803646,0,1,0,48.60327711,30,15.69566003,31,9.736073282,40,58.834899896,35,304.025222,305.03667,302.419628292683,298.895379512195,5,-1.06768458108671,3.88369095888004,2.75338424292992,5.7171106650699,5.72043199888862,NA,NA,NA,NA,NA,NA
"179","Maharashtra",2015,0.367387509,0,1,0,273.27992699,30,20.063942062,31,42.193997939,41,11.279505187,41,301.868622333333,306.043700967742,301.742901219512,299.757936341463,6,-1.00133810514597,5.61049664343828,2.99892427678685,5.70999189733756,5.72372790537556,NA,NA,NA,NA,NA,NA
"180","Maharashtra",2016,0.385083382,0,1,0,228.19294988,30,14.937868758,31,8.753788875,38,2.941014831,30,302.971246666667,306.056488387097,304.086135609756,297.489067560976,7,-0.954295391520308,5.4301915424722,2.70389951611505,5.71363790551696,5.72376968748763,NA,NA,NA,NA,NA,NA
"181","Orissa",2002,0.49381596,0,0,0,253.8296074,30,42.23806528,30,32.61475682,41,63.07849526,41,302.061032666667,305.504803548387,301.955835365854,297.100211707317,-7,-0.70559238181572,5.53666320489884,3.74332183531871,5.71062909187918,5.72196550205068,NA,NA,NA,NA,"4273","4273"
"182","Orissa",2003,0.486360924,0,0,0,208.46904199,30,9.257296119,31,60.890820629,41,115.31766346,41,303.497764333333,305.667040645161,301.551973902439,297.362480487805,-6,-0.720804288728436,5.33979055055039,2.22541201023068,5.71537424419016,5.72249640707232,NA,NA,NA,NA,"4501","4501"
"183","Orissa",2004,0.510055791,0,0,0,214.52959864,30,31.090508806,31,20.160695028,37,21.684084037,39,302.171684333333,304.486535483871,302.72667097561,297.04985097561,-5,-0.673235165129219,5.36844771784614,3.43690258952054,5.71099534701496,5.71862686772851,7772943,1460377,NA,18,"4492","824"
"184","Orissa",2005,0.468256277,0,0,0,153.033808013,30,28.551352164,31,40.47281734,41,180.673784664,39,304.462829,304.711317741936,301.751614146341,296.665372195122,-4,-0.758739532515541,5.03065886438796,3.35170429624146,5.71854900744894,5.71936482918742,8214472,1570754,NA,NA,"4479","781"
"185","Orissa",2006,0.548794136,0,0,0,198.91028945,30,98.94826882,31,34.362624131,41,61.665780583,40,302.171234333333,303.088756774194,301.269672439024,297.577815121951,-3,-0.600031887758743,5.29285391629665,4.59459717639275,5.71099385779423,5.71402568926224,9270083,1781141,39389.5,NA,"4451","757"
"186","Orissa",2007,0.501873925,0,0,0,305.96540172,30,55.0695305,31,26.624330493,40,43.053745686,40,302.205502333333,304.135602258064,301.722153902439,297.337854390244,-2,-0.689406336251026,5.7234720292854,4.00859657772506,5.71110725726168,5.71747366201043,10284562,2644483,NA,NA,"4452","742"
"187","Orissa",2008,0.469400285,0,0,0,376.73832954,30,24.255978706,31,70.061639935,39,35.796846286,41,300.559901666667,304.547689677419,300.923689756097,297.988533414634,-1,-0.756299388407324,5.93155086035794,3.18866313157369,5.70564707409859,5.7188276912331,11081178,2655703,NA,NA,"4455","707"
"188","Orissa",2009,0.4829604,0,1,0,81.23495831,30,67.496480959,31,16.772470774,41,37.844348326,40,304.499271,304.530723548387,302.301755609756,297.90792902439,0,-0.727820616268369,4.39734567557914,4.21207546257872,5.71866869305842,5.71877198041272,NA,NA,NA,NA,"4365","687"
"189","Orissa",2010,0.491349161,0,1,0,214.89453768,30,73.702503971,31,10.682611598,40,154.850414922,41,302.972156,304.071407419355,303.759903170732,298.035367804878,1,-0.710600281715609,5.37014738536358,4.30003677380132,5.71364090689738,5.71726256665005,NA,NA,NA,NA,NA,NA
"190","Orissa",2011,0.525651454,0,1,0,297.4125422,30,34.824742644,31,35.820034092,41,20.523194325,40,301.517066666667,303.951932903226,301.19094,297.606873658537,2,-0.643116920865007,5.69512020596801,3.5503281296601,5.70882662042478,5.71686957345474,NA,NA,NA,NA,NA,NA
"191","Orissa",2012,0.450878628,0,1,0,231.813991974,30,26.104686134,31,18.96595929,41,77.85185697,39,303.502376,304.966887741935,302.057710487805,296.963830243903,3,-0.796557093214705,5.44593529135312,3.26211484357629,5.71538943913448,5.72020320593329,NA,NA,NA,NA,NA,NA
"192","Orissa",2013,0.535487718,0,1,0,328.165069,30,40.691783386,31,28.148119798,41,270.677231869,38,301.248480666667,305.087572258064,302.396366097561,296.619365365854,4,-0.624577324931588,5.79351674093807,3.70602618965969,5.70793544136199,5.72059885755332,NA,NA,NA,NA,NA,NA
"193","Orissa",2014,0.520361475,0,1,0,188.925380733,30,115.15606962,31,14.651981811,40,92.308058919,40,303.144804666667,303.622104516129,302.046935853659,297.766258048781,5,-0.653231564676733,5.24135212616478,4.746288335429,5.71421059454033,5.71578385089524,NA,NA,NA,NA,NA,NA
"194","Orissa",2015,0.507000691,0,1,0,303.991036,30,43.802245754,31,47.484733369,41,47.09666984,41,301.890430666667,304.67523483871,301.522060243902,298.6811,6,-0.67924291247275,5.71699821412937,3.77968508899036,5.71006413918051,5.71924640549358,NA,NA,NA,NA,NA,NA
"195","Orissa",2016,0.511178125,0,1,0,198.3448868,30,74.39726806,31,18.966212122,41,34.504755534,37,302.812061333333,304.337280322581,303.315963414634,297.586962926829,7,-0.671037168305442,5.290007367954,4.30941922154121,5.71311235344282,5.7181365611393,NA,NA,NA,NA,NA,NA
"196","Punjab",2002,0.311495258,1,0,0,46.109753594,30,31.139763844,29,10.775212072,38,7.84086511,41,305.922487,305.958657741935,298.775680731707,295.006044390244,-7,-1.16637116398447,3.83102450233099,3.43848558269052,5.72333175940635,5.72344998740631,NA,NA,NA,NA,"2530","2530"
"197","Punjab",2003,0.361828568,1,0,0,53.439065248,30,14.106829378,31,32.530234579,38,17.420022703,36,306.724483333333,304.449687741935,297.929646097561,294.378113170732,-6,-1.01658474838638,3.97854203745864,2.64665903317269,5.72594989621363,5.7185058444076,NA,NA,NA,NA,"2614","2614"
"198","Punjab",2004,0.352356476,1,0,0,55.794357279,30,11.084414287,29,3.468662194,34,18.67495385,26,304.440137666667,304.916293548387,300.416862439024,293.403795365854,-5,-1.04311189992576,4.02167274024163,2.40554000333218,5.71847447559547,5.7200372915575,9683851,3014053,NA,145,"2800","2800"
"199","Punjab",2005,0.368661256,1,0,0,58.818753553,30,25.343416963,31,42.311734979,37,1.710117487,26,306.749468666667,303.482412258064,296.520280487805,294.117080731707,-4,-0.997877061986695,4.07446074203087,3.23251901043526,5.72603135145151,5.71532365909409,10255608,3299203,NA,NA,"2642","2642"
"200","Punjab",2006,0.373143776,1,0,0,50.908951141,30,23.792111093,31,52.173506589,41,24.886007707,40,304.981807333333,305.969582258065,296.833601463415,295.461746829268,-3,-0.985791475163303,3.93003876548241,3.16935405904953,5.72025212674096,5.72348569262603,11299739,3778380,26051,NA,"2621","2621"
"201","Punjab",2007,0.395847007,1,0,0,107.877620825,30,16.512312904,31,95.860949,31,1.846518671,25,305.674968,305.07770516129,297.758467317073,295.145867804878,-2,-0.926727488338081,4.68099744412585,2.8041063392165,5.7225223413439,5.72056651517941,12322323,4565784,NA,NA,"2610","2610"
"202","Punjab",2008,0.306911782,1,0,0,189.54937513,30,42.189718661,30,56.437212506,40,12.790225309,31,303.394502666667,303.977123870968,297.543807317073,295.655282926829,-1,-1.18119492773817,5.24464954535971,3.74217655773288,5.71503394765557,5.71695244815032,13043076,5243076,NA,NA,"2735","2735"
"203","Punjab",2009,0.2493492,1,1,1,12.770908658,29,20.429241078,30,43.613401239,38,21.353577476,31,306.725640333333,304.884316774194,297.090218048781,294.059161219512,0,-1.38890095533684,2.54716982319037,3.0169672607093,5.72595366832144,5.71993241539411,NA,NA,NA,NA,"2802","2802"
"204","Punjab",2010,0.336290484,1,1,1,44.973860148,30,28.229944558,31,6.793100426,40,21.347793027,32,305.803080333333,306.029843225806,301.292895609756,294.986267804878,1,-1.0897799568004,3.80608143539092,3.3403832783244,5.72294136647671,5.72368262407866,NA,NA,NA,NA,NA,NA
"205","Punjab",2011,0.338461526,1,1,1,79.572344374,30,32.476253863,31,43.461075915,41,1.619858041,30,304.539360333333,305.264514516129,296.480933658537,295.393787560976,2,-1.0833448533555,4.37666659999425,3.48050917191139,5.71880034097475,5.72117866146276,NA,NA,NA,NA,NA,NA
"206","Punjab",2012,0.226634986,1,1,1,12.785451269,30,7.42129646,31,22.405644527,41,6.457380194,36,307.350138333333,304.96331483871,296.48060902439,294.105772439024,3,-1.48441454689556,2.54830790487424,2.00435376698403,5.72798761343697,5.72019149015594,NA,NA,NA,NA,NA,NA
"207","Punjab",2013,0.29663946,1,1,1,133.184952989,30,10.481527081,29,39.785080647,38,19.535622494,30,305.422661666667,305.48692,296.969970731707,294.110607317073,4,-1.21523781699465,4.89173878617715,2.34961438211354,5.72169659326234,5.72190696263778,NA,NA,NA,NA,NA,NA
"208","Punjab",2014,0.307318508,1,1,1,32.547527195,30,31.524307835,31,98.757381199,38,9.453902702,32,307.164514,303.577426451613,295.175183170732,294.481521707317,5,-1.17987058386889,3.48270139633711,3.45075892554333,5.72738348027831,5.71563668983098,NA,NA,NA,NA,NA,NA
"209","Punjab",2015,0.269320405,1,1,1,78.439218599,30,19.025638911,29,136.970877398,36,36.337778193,40,304.696694666667,304.739238064516,295.86127097561,295.047741707317,6,-1.31185351151887,4.36232403951157,2.94578748589083,5.71931683810436,5.71945645375757,NA,NA,NA,NA,NA,NA
"210","Punjab",2016,0.383904448,1,1,1,58.064046041,30,29.025410626,30,69.242264616,38,0.640651161,30,306.513532,305.659056451613,297.844130731707,295.55312097561,7,-0.957361590691894,4.06154664340578,3.36817167480516,5.72526190448325,5.72247028617355,NA,NA,NA,NA,NA,NA
"211","Rajasthan",2002,0.160680408,0,0,0,52.31003857,30,11.341269057,31,3.123882714,33,3.591579308,34,307.57595,308.65828483871,302.216761707317,298.71728097561,-7,-1.82833793028591,3.95718829471737,2.42844820182653,5.72872204861902,5.73223479065918,NA,NA,NA,NA,"83.58","83.58"
"212","Rajasthan",2003,0.151272026,0,0,0,63.874045296,30,2.895850368,23,1.632560114,35,0.043186749,27,307.219734333333,307.31668,302.07147,297.675003414634,-6,-1.88867556622741,4.1569131019699,1.06327880468032,5.72756323857658,5.72787874686936,NA,NA,NA,NA,"99.76","99.76"
"213","Rajasthan",2004,0.169538229,0,0,0,29.781751548,30,2.672903947,26,0.345673477,15,5.135473104,23,306.706584333333,307.373042903226,303.750802682927,297.130339268293,-5,-1.77467683776891,3.39389584177877,0.983165501980631,5.72589153920843,5.72806213338547,12774565,2791717,NA,125,"101.37","101.37"
"214","Rajasthan",2005,0.172275362,0,0,0,45.183490103,30,6.08905487,28,1.285747009,17,0.145789827,12,307.603162,306.543463870968,300.871390243902,297.905589268293,-4,-1.75866114044953,3.81073175690537,1.80649287591775,5.72881051716253,5.72535955240568,13628496,2912790,NA,NA,"107.5","107.5"
"215","Rajasthan",2006,0.169028623,0,0,0,54.343538631,30,5.261131478,31,5.956872216,41,4.740759496,37,306.244491666667,308.29746483871,300.652422682927,298.676449512195,-3,-1.77768721153611,3.99532572206568,1.66034611350274,5.72438377530262,5.73106511182459,15218867,3519674,62527.5,NA,"107.8","107.8"
"216","Rajasthan",2007,0.172388614,0,0,0,41.418398331,30,5.035800764,31,12.17652064,24,0.16336459,15,307.056985666667,307.546630645161,301.489107317073,298.188496585366,-2,-1.75800396701708,3.72372518624343,1.61657255304842,5.7270333514258,5.72862672012424,16001662,4232949,NA,NA,"127.84","127.84"
"217","Rajasthan",2008,0.180593824,0,0,0,94.38923244,30,20.135327227,31,16.592974167,36,2.512002987,29,304.875609,305.973532258064,301.233942926829,298.915911219512,-1,-1.7115048357047,4.54742700351017,3.00247584582271,5.71990385407406,5.72349860232272,17455575,4773855,NA,NA,"133.42","133.42"
"218","Rajasthan",2009,0.1642136,0,1,0,20.269009576,30,8.460203337,31,5.178810092,37,10.220233711,25,307.420263333333,308.168026451613,301.274654878049,297.790634390244,0,-1.80658725957151,3.00909309770132,2.13537320843568,5.72821574738784,5.73064517464781,NA,NA,NA,NA,"150.72","150.72"
"219","Rajasthan",2010,0.157400336,0,1,0,34.278967214,30,1.467911199,31,0.413760061,35,35.533723537,35,307.676060666667,309.409824516129,304.764224878049,298.536095609756,1,-1.84896280831242,3.5345319653294,0.383840437218246,5.72904747841304,5.73466669108063,NA,NA,NA,NA,NA,NA
"220","Rajasthan",2011,0.182359925,0,1,0,65.901021221,30,4.831144364,31,2.591942643,41,0.077419722,17,306.939123,307.766557419355,301.111890487805,298.77048902439,2,-1.70177293491138,4.18815393791343,1.57508336796578,5.72664943150693,5.72934156514243,NA,NA,NA,NA,NA,NA
"221","Rajasthan",2012,0.171873958,0,1,0,6.545267205,30,7.314928916,31,5.97691961,41,1.696253321,23,307.548934,307.111578387097,301.004713170732,297.208110731707,3,-1.76099387312513,1.87874222434975,1.98991731685823,5.7286342095453,5.72721112907112,NA,NA,NA,NA,NA,NA
"222","Rajasthan",2013,0.194371126,0,1,0,61.97866542,30,1.436949156,24,7.194348237,35,6.078174333,23,306.311777,307.843186129032,300.757034878049,296.812397073171,4,-1.63798592679388,4.12679021969796,0.362522224425,5.72460346233236,5.72959051737516,NA,NA,NA,NA,NA,NA
"223","Rajasthan",2014,0.182584032,0,1,0,5.009529204,30,11.036296194,30,8.612826753,36,4.176725737,31,308.434195,306.276224516129,300.350346097561,298.199365853659,5,-1.70054476261878,1.61134193942371,2.40118949488579,5.73150851427151,5.72448738926588,NA,NA,NA,NA,NA,NA
"224","Rajasthan",2015,0.19197509,0,1,0,54.71775103,30,5.697130732,30,37.315892297,39,4.814084411,40,306.286950666667,308.137843548387,300.59156,298.64527804878,6,-1.6503896549546,4.00218817287173,1.73996266775121,5.72452240981877,5.7305472268439,NA,NA,NA,NA,NA,NA
"225","Rajasthan",2016,0.173947727,0,1,0,43.679122944,30,7.287110757,30,3.995858921,31,0.011890665,16,308.088536666667,308.486632580645,301.999327073171,297.954010487805,7,-1.74900044444283,3.77687025211418,1.98610713783159,5.73038719837577,5.73167851203598,NA,NA,NA,NA,NA,NA
"226","Tamilnadu",2002,0.441696728,0,0,0,66.75246575,30,88.62827143,31,31.168630376,41,273.6533597,41,301.716414333333,302.774799032258,301.926357804878,298.776654390244,-7,-0.817131768149906,4.200991236673,4.4844508973445,5.70948755082802,5.71298929165413,NA,NA,NA,NA,"1516.55","1516.55"
"227","Tamilnadu",2003,0.42290034,0,0,0,93.43731995,30,41.38130642,31,59.325812339,41,251.22782797,41,302.339812666667,303.592074516129,301.906710487805,298.687646829268,-6,-0.860618730531447,4.53729083662663,3.72282924310951,5.7115515923089,5.7156849401614,NA,NA,NA,NA,"1396.66","1396.66"
"228","Tamilnadu",2004,0.474205563,0,0,0,74.250000942,30,242.02637694,31,60.362182775,41,373.371215718,41,301.163721,300.808291612903,302.550656829268,298.129052926829,-5,-0.746114374082655,4.30743779036968,5.48904671583693,5.7076540404641,5.70647315689824,21900322,2102673,NA,85,"1872.83","1872.83"
"229","Tamilnadu",2005,0.473551962,0,0,0,73.38643139,30,76.922536766,31,160.44122145,41,388.536586482,41,302.270235333333,303.037225483871,301.399232439024,298.394672195122,-4,-0.74749363214471,4.29573906008517,4.34279889945395,5.71132143624758,5.71385565434555,24956705,2521885,NA,NA,"2050.47","2050.47"
"230","Tamilnadu",2006,0.471034267,0,0,0,92.65639626,30,96.05330476,31,81.831975064,41,437.4250135,41,301.670086,302.416804516129,301.759357560976,298.312402926829,-3,-0.752824433896644,4.52889798715362,4.56490329528587,5.70933398977421,5.71180621325124,28752968,3137477,67276.5,NA,"1931.42","1931.42"
"231","Tamilnadu",2007,0.463360262,0,0,0,176.11980638,30,75.50304974,31,55.831501619,41,346.289727874,41,301.231019666667,303.181440645161,301.632394390244,298.621661219512,-2,-0.769250423789917,5.17116448152288,4.32417304934645,5.70787747756407,5.71433144030223,30515680,3574703,NA,NA,"1789.18","1789.18"
"232","Tamilnadu",2008,0.472382631,0,0,0,76.45674424,30,78.52397711,31,224.42080412,41,236.201838755,41,301.787772333333,302.988053870968,300.223135609756,298.981665365854,-1,-0.749965962904729,4.33672514614272,4.36340401904251,5.70972402971884,5.71369337856371,32179336,3993740,NA,NA,"1931.62","1931.62"
"233","Tamilnadu",2009,0.4761503,0,1,0,93.09722633,30,92.85106994,31,67.127306495,41,358.33429273,41,302.168986666667,303.246060322581,301.628974878049,299.674491219512,0,-0.742021718288726,4.53364439146543,4.5309968110495,5.71098641937929,5.71454455622313,NA,NA,NA,NA,"1845.58","1845.58"
"234","Tamilnadu",2010,0.492765688,0,1,0,145.767587,30,80.31171637,31,30.003605276,41,300.12180244,41,301.891649,303.615039354839,302.892283902439,299.357586097561,1,-0.70772149581025,4.98201348347426,4.38591551778124,5.7100681748529,5.71576058103646,NA,NA,NA,NA,NA,NA
"235","Tamilnadu",2011,0.465148541,0,1,0,81.117650815,30,55.637909907,31,40.654259698,41,292.537745598,41,302.037687,303.140551935484,301.77272804878,298.678049268293,2,-0.765398481395083,4.39590058004238,4.01886480177383,5.7105518009798,5.71419656572985,NA,NA,NA,NA,NA,NA
"236","Tamilnadu",2012,0.424586261,0,1,0,60.00610453,30,57.35327375,31,23.444383194,41,290.35137417,41,302.576849333333,303.33514,302.2569,298.934119512195,3,-0.85664008774945,4.09444629921338,4.04922992564277,5.71233529258924,5.714838266869,NA,NA,NA,NA,NA,NA
"237","Tamilnadu",2013,0.439818964,0,1,0,139.0146919,30,69.100901745,31,25.762133678,41,186.34359257,41,301.267598666667,303.770321612903,302.736924634146,299.585605365854,4,-0.821392082191281,4.93457962466745,4.23556778054376,5.70799890190906,5.7162718948462,NA,NA,NA,NA,NA,NA
"238","Tamilnadu",2014,0.477494981,0,1,0,59.83314066,30,130.752267048,31,15.458376962,41,353.01159373,41,303.534300333333,303.300546129032,302.517751463415,298.977065121951,5,-0.739201630111357,4.09155969908791,4.87330444159395,5.71549462003905,5.71472421531617,NA,NA,NA,NA,NA,NA
"239","Tamilnadu",2015,0.528997232,0,1,0,89.4234594,30,153.72122752,31,97.767111393,41,422.6375542,41,301.963705,302.199726774193,301.669516585366,299.354344634146,6,-0.636772079651705,4.49338305715212,5.03514075109281,5.71030682803321,5.71108814571577,NA,NA,NA,NA,NA,NA
"240","Tamilnadu",2016,0.489836503,0,1,0,137.56347828,30,138.26623936,31,19.885575142,41,127.809715964,41,301.567859,303.275121612903,303.36341902439,300.345198292683,7,-0.713683610903739,4.92408547079252,4.92918109722926,5.70899506215261,5.71464038565568,NA,NA,NA,NA,NA,NA
"241","Telangana",2002,0.421518157,0,0,0,193.395277275,30,14.891970493,30,8.298507281,41,53.408203883,39,302.786770333333,306.842271290323,304.039128048781,298.30141902439,-7,-0.863892425362443,5.26473616325361,2.7008221746091,5.71302882950357,5.72633384126134,NA,NA,NA,NA,"954.92","754.6"
"242","Telangana",2003,0.465668919,0,0,0,110.193501211,30,0.513944136,25,33.111475765,41,69.436091866,41,304.793497666667,308.226971935484,303.787142682927,298.111350731707,-6,-0.764280371611854,4.70223792230291,-0.665640704258498,5.71963449047033,5.73083643344843,NA,NA,NA,NA,"1017.33","741.06"
"243","Telangana",2004,0.421278336,0,0,0,105.671132264,30,54.813772843,30,14.654371707,35,29.618638538,37,303.152832,304.76054,304.160781219512,298.606968780488,-5,-0.86446153310901,4.66033174548969,4.00394149162789,5.71423707438405,5.71952635348931,8994627,1401075,NA,57,"858.53","650.86"
"244","Telangana",2005,0.435312745,0,0,0,65.959461257,30,18.010074098,29,15.368299596,41,132.93965964,30,305.063036,306.575510967742,303.618961463415,297.266877560976,-4,-0.8316905521941,4.18904032993518,2.89093127344925,5.72051843066283,5.72546409034406,10423333,1885913,NA,NA,"1461.04","930.92"
"245","Telangana",2006,0.47661258,0,0,0,128.746266884,30,66.035747191,31,45.734285173,41,81.177860387,41,303.281276666667,305.342274516129,302.721827073171,298.520164878049,-3,-0.741051319365803,4.85784354404775,4.19019621950709,5.71466068073057,5.72143335892704,11634322,1960297,33498.125,NA,"1489.01","959.81"
"246","Telangana",2007,0.437735667,0,0,0,282.3798843,30,13.782770401,31,15.298954688,34,40.612149814,36,302.563839333333,306.909657419355,303.296289756098,298.132822926829,-2,-0.826140050785116,5.64325327184973,2.62341929044397,5.71229229432373,5.72655342877268,12861773,2604591,NA,NA,"1408","844"
"247","Telangana",2008,0.402741564,0,0,0,112.060529264,30,5.376420644,30,116.645640092,37,35.028425279,33,302.926178,306.659411612903,301.929059268293,298.652492926829,-1,-0.909460203140699,4.71903916516721,1.68202284495155,5.71348913886137,5.72573772331112,14590178,3212082,NA,NA,"1691.49","1025.71"
"248","Telangana",2009,0.4410933,0,1,0,58.118864408,30,33.22910578,31,6.359214419,41,49.632020688,33,304.641676666667,306.615746129032,303.530938292683,299.331508780488,0,-0.81849886128608,4.06249029976378,3.50342617198336,5.71913625535186,5.72559532235652,NA,NA,NA,NA,"1115.02","594.89"
"249","Telangana",2010,0.431955165,0,1,0,112.801931702,30,70.71680654,31,4.613011207,40,157.563585297,41,304.098463666667,307.105439677419,305.057954146342,298.782850243902,1,-0.839433480846256,4.72563346393506,4.2586832609184,5.71735154260435,5.72719114033914,NA,NA,NA,NA,NA,NA
"250","Telangana",2011,0.449574756,0,1,0,63.42532994,30,11.588063061,29,8.490814757,41,20.396940931,30,303.205085666667,306.508905483871,302.937907073171,299.193751219512,2,-0.799453129665829,4.14986330752148,2.44997552181498,5.71440942693449,5.72524681036647,NA,NA,NA,NA,NA,NA
"251","Telangana",2012,0.429838134,0,1,0,108.090879971,28,9.195126044,31,10.439776023,41,76.235156184,34,304.288694333333,307.616604193548,303.925094146341,297.860515121951,3,-0.844346573721189,4.68297235449036,2.21867356584705,5.71797690318393,5.72885421599761,NA,NA,NA,NA,NA,NA
"252","Telangana",2013,0.443941441,0,1,0,293.53274213,30,8.421897686,31,6.80630781,39,120.057692539,36,301.600921333333,307.877277096774,304.139897317073,298.01281,4,-0.812062614887755,5.68198919055885,2.13083518124514,5.70910469094788,5.72970125258639,NA,NA,NA,NA,NA,NA
"253","Telangana",2014,0.414355858,0,1,0,45.222629562,30,43.625833229,30,6.576618681,35,99.6774232840001,35,305.116545666667,305.315730645161,303.389387317073,298.995221219512,5,-0.881030113980821,3.81159761557932,3.77564948014535,5.72069382055922,5.7213464236187,NA,NA,NA,NA,NA,NA
"254","Telangana",2015,0.41121599,0,1,0,257.24717157,30,19.609636818,31,50.199963621,41,23.54519702,41,302.577571666667,307.092364516129,302.743982926829,300.21719902439,6,-0.88863667941046,5.55003737978491,2.97602111979198,5.7123376798587,5.72714856395347,NA,NA,NA,NA,NA,NA
"255","Telangana",2016,0.438968834,0,1,0,270.64626379,30,25.467440597,29,5.79154637,35,9.312094205,23,302.980646666667,306.808960967742,305.585041219512,298.486022682927,7,-0.823326861593387,5.60081266856614,3.23740079697716,5.7136689310822,5.72622527691448,NA,NA,NA,NA,NA,NA
"256","Uttar Pradesh",2002,0.362423224,0,0,0,73.76153398,30,25.63557311,30,4.595163775,41,18.193933314,40,305.429412666667,305.731727741935,300.806764146341,296.23957097561,-7,-1.01494262298139,4.30083737594098,3.24398096152955,5.72171869681338,5.72270801069457,NA,NA,NA,NA,"5213.51","5209.2"
"257","Uttar Pradesh",2003,0.361356555,0,0,0,159.773816479,30,5.227642021,30,12.023881109,41,5.407090871,40,305.750701666667,305.74818483871,300.288202682927,296.082071707317,-6,-1.0178901211105,5.07375916808597,1.65396032000517,5.72277006946789,5.72276183779973,NA,NA,NA,NA,"5727.8","5719.92"
"258","Uttar Pradesh",2004,0.356809851,0,0,0,175.681119659,30,12.021916935,30,1.537620822,38,30.516646096,35,304.134515,305.934008387097,302.260073902439,295.240849756098,-5,-1.03055226935248,5.16867053158751,2.48673139517703,5.71747008709187,5.72336941982897,26084066,7016710,NA,70,"5934.47","5934.47"
"259","Uttar Pradesh",2005,0.364074403,0,0,0,106.208609671,29,8.32439819,30,7.010173541,36,16.295092262,34,307.388425666667,305.695117419355,300.3802,295.770062682927,-4,-1.01039702838686,4.66540517587022,2.11919074376401,5.72811217804256,5.72258825696471,27781788,7660367,NA,NA,"5571.55","5571.55"
"260","Uttar Pradesh",2006,0.387331169,0,0,0,142.190192168,30,32.651907547,31,27.052925942,41,7.187636568,41,304.796907,305.336098387097,299.820689512195,297.06432902439,-3,-0.948475218033692,4.95716554289482,3.48590327811995,5.71964567612321,5.72141313181795,30022535,8232034,183005,NA,"5920.8","5902.63"
"261","Uttar Pradesh",2007,0.382226832,0,0,0,134.395658622,30,22.021295132,31,41.11996487,36,11.272326834,38,305.663483,305.286078064516,300.112117317073,296.407782926829,-2,-0.961741045558523,4.90078812564769,3.09200994573205,5.72248476804883,5.72124929786425,32221349,9262309,NA,NA,"5709.45","5690.61"
"262","Uttar Pradesh",2008,0.375473408,0,0,0,374.3795551,30,36.999179983,31,14.464166361,40,3.293921474,39,302.367976333333,304.792197741936,300.135093414634,296.881932682927,-1,-0.979567627862195,5.92527013600771,3.61089574977701,5.71164474032914,5.71963022552533,34472559,11789780,NA,NA,"6033.39","6011.78"
"263","Uttar Pradesh",2009,0.3477551,0,1,0,52.066458296,29,27.291479583,31,12.870360976,39,20.571679458,38,307.216705333333,305.355809032258,300.297319512195,295.889399268293,0,-1.056256782578,3.95252094673203,3.30657455028977,5.72755337913529,5.72147768366457,NA,NA,NA,NA,"5172.81","5148.12"
"264","Uttar Pradesh",2010,0.357299528,0,1,0,26.559279455,30,17.323233944,31,1.178383373,35,35.414547976,39,307.090906666667,306.549719677419,302.995188780488,297.184907560976,1,-1.0291808349724,3.27937919528692,2.8520486030258,5.72714381667516,5.72537995976502,NA,NA,NA,NA,NA,NA
"265","Uttar Pradesh",2011,0.387623606,0,1,0,223.008452236,30,20.72992518,31,8.706827292,41,1.55680788,40,304.054496333333,305.639806451613,299.960033902439,296.551844878049,2,-0.947720497827262,5.40720967314543,3.03157831717924,5.71720694959469,5.72240730552309,NA,NA,NA,NA,NA,NA
"266","Uttar Pradesh",2012,0.335381176,0,1,0,22.217484913,30,1.322273179,31,12.624271815,41,1.892051153,35,308.410878666667,306.617761935484,299.420770731707,295.495066585366,3,-1.09248755519905,3.10087958757096,0.279352360778162,5.73143291560228,5.72560189670846,NA,NA,NA,NA,NA,NA
"267","Uttar Pradesh",2013,0.408115565,0,1,0,289.3527518,30,4.828836426,30,10.345550045,36,41.816084648,36,303.593847666667,306.615002903226,300.169517560976,295.414922926829,4,-0.896204897135969,5.66764653825629,1.57460553305201,5.7156907807136,5.72559289838869,NA,NA,NA,NA,NA,NA
"268","Uttar Pradesh",2014,0.342105523,0,1,0,42.615724276,30,13.417891192,30,12.340285212,39,52.199187691,40,307.190231666667,305.508764516129,299.179789512195,296.092184634146,5,-1.07263604272668,3.75222329962943,2.59658898000065,5.72746720280788,5.72197846728729,NA,NA,NA,NA,NA,NA
"269","Uttar Pradesh",2015,0.366045748,0,1,0,122.210963153,30,8.006733415,31,65.496179309,40,28.210621119,41,306.095238333333,306.382244516129,298.666594634146,297.47969902439,6,-1.00499695885642,4.80574875754969,2.08028286454348,5.72389628991183,5.72483348748019,NA,NA,NA,NA,NA,NA
"270","Uttar Pradesh",2016,0.381740819,0,1,0,97.99917905,30,34.482246327,30,17.442185187,35,0.348703648,36,305.923165333333,305.630354193548,301.509616341464,296.459669512195,7,-0.963013384943388,4.58495910159467,3.5404445923683,5.72333397674117,5.72237637890938,NA,NA,NA,NA,NA,NA
"271","Uttarakhand",2002,0.477955391,0,0,0,177.0951157,30,60.735005675,31,39.56408917,41,18.025215936,41,290.938675,288.921802903226,283.701414634146,281.919612195122,-7,-0.738237875113444,5.17668696507476,4.10652023159094,5.67311250613133,5.66615607331002,NA,NA,NA,NA,"275.32","271.23"
"272","Uttarakhand",2003,0.420375545,0,0,0,159.83204281,30,52.759334535,31,67.04826433,41,15.569670536,41,291.273469,287.469469354839,283.043948780488,282.519423902439,-6,-0.866606812461051,5.07412353144135,3.96574071471043,5.67426258189101,5.66111666105008,NA,NA,NA,NA,"277.32","271.67"
"273","Uttarakhand",2004,0.489245288,0,0,0,139.95511463,30,43.39905069,31,21.836694816,41,40.983452694,41,290.452613,289.171222580645,286.067984146341,280.110733902439,-5,-0.714891303820292,4.94132176141729,3.77043756736483,5.67144044078299,5.66701897835091,2478567,411370,NA,66,"288.98","281.46"
"274","Uttarakhand",2005,0.432437992,0,0,0,139.055221301,30,54.107179983,31,86.952182765,41,14.193706561,41,291.618173666667,287.928509032258,282.757418780488,282.020495609756,-4,-0.838316333987087,4.93487112978442,3.99096689392249,5.67544532215221,5.66271221679427,2834035,420567,NA,NA,"284.44","275.47"
"275","Uttarakhand",2006,0.502309553,0,0,0,160.94706047,30,106.34286803,31,128.196457982,41,25.242956194,41,290.810223,289.123766451613,282.241814146341,282.371132926829,-3,-0.688538709892156,5.08107549395579,4.66666847809053,5.67267089978698,5.66685485405435,3218960,491405,9287.5,NA,"283.59","273.66"
"276","Uttarakhand",2007,0.492830223,0,0,0,149.26196944,30,80.4066004,31,124.849470887,41,23.741596922,41,291.922169,288.78493516129,285.493600731707,282.359146097561,-2,-0.707590539503771,5.00570294631001,4.38709626734271,5.67648722221843,5.66568224208917,3802186,507118,NA,NA,"272.18","259.82"
"277","Uttarakhand",2008,0.461755428,0,0,0,344.794422,30,81.23849247,31,74.432011406,41,22.484211626,41,290.960301333333,287.948196774194,282.932431463415,283.007748780488,-1,-0.77271990469305,5.84294836116448,4.39738918004075,5.67318683633029,5.66278059164515,4283246,595515,NA,NA,"288.36","275.71"
"278","Uttarakhand",2009,0.4159462,0,1,0,47.826477926,30,82.459257629,31,68.386768273,41,22.914661031,41,291.804047666667,288.252831612903,283.219635365854,281.176472195122,0,-0.877199354007398,3.86757941764026,4.41230432443687,5.67608250736556,5.66383798256286,NA,NA,NA,NA,"284.39","270.62"
"279","Uttarakhand",2010,0.432515239,0,1,0,126.57842997,30,59.05608161,31,25.126805775,41,25.139807887,41,291.098041333333,289.725722580645,286.309321463415,283.001066341463,1,-0.838137718548849,4.84086211580997,4.07848752819539,5.67366012222785,5.66893469123976,NA,NA,NA,NA,NA,NA
"280","Uttarakhand",2011,0.471501852,0,1,0,242.183046166,30,65.09703375,31,77.932832216,41,23.319424407,41,290.070941,288.935228064516,282.563237560975,283.21581902439,2,-0.751832249026625,5.48969382935431,4.1758789836603,5.67012551720284,5.66620253864858,NA,NA,NA,NA,NA,NA
"281","Uttarakhand",2012,0.370719309,0,1,0,60.060550372,30,23.408674929,31,68.563998708,41,13.197521381,41,292.572251333333,289.037786451613,282.564642926829,281.46250804878,3,-0.992310082240248,4.09535322621616,3.15310667712423,5.67871164927461,5.66655742853305,NA,NA,NA,NA,NA,NA
"282","Uttarakhand",2013,0.453592843,0,1,0,452.85514764,30,21.475265486,31,51.757265689,41,28.527580083,38,290.559774333333,289.751485806452,283.260461219512,281.740753414634,4,-0.790555304911767,6.11557231196404,3.06690183035502,5.67180931875147,5.66902361009783,NA,NA,NA,NA,NA,NA
"283","Uttarakhand",2014,0.440816061,0,1,0,99.307855485,30,58.372415725,31,99.339375538,41,36.864288986,41,291.845607666667,288.222086451613,282.003851707317,282.014911951219,5,-0.8191275857818,4.59822467653248,4.06684344477356,5.67622492156796,5.66373131647781,NA,NA,NA,NA,NA,NA
"284","Uttarakhand",2015,0.442708713,0,1,0,201.22912464,30,31.71748269,31,129.481357755,41,31.298197499,41,290.731037666667,289.15079,282.512943902439,283.172235853658,6,-0.814843257937833,5.30444418242161,3.45686803327697,5.67239857058464,5.66694831674644,NA,NA,NA,NA,NA,NA
"285","Uttarakhand",2016,0.458588066,0,1,0,202.90616715,30,81.632430563,31,68.279308677,41,7.644390656,40,291.779845666667,289.327002580645,284.275053414634,283.514408536585,7,-0.779602931574643,5.31274364139203,4.40222661638444,5.67599956470628,5.66755754527122,NA,NA,NA,NA,NA,NA
"286","West Bengal",2002,0.508836499,0,0,0,493.4536119,30,195.02651522,31,86.888615362,41,114.369218631,41,301.534170333333,301.781527419355,299.978130243902,296.988702682927,-7,-0.675628534073115,6.20142885627914,5.2731355248071,5.70888334418429,5.70970333643977,NA,NA,NA,NA,"5842.09","384.97"
"287","West Bengal",2003,0.491224512,0,0,0,443.6816623,30,117.4533883,31,114.0934799,41,91.378631909,41,301.864068666667,302.596712580645,299.536755121951,297.680516585366,-6,-0.710854001114151,6.09510732847963,4.76604155956066,5.70997681229501,5.71240093738462,NA,NA,NA,NA,"5856.63","339.76"
"288","West Bengal",2004,0.500453919,0,0,0,356.7575004,30,141.666894686,31,66.28119767,41,19.021142955,41,301.800512333333,303.521209677419,300.846660243902,297.014475365854,-5,-0.692239754395628,5.87705628038261,4.95347848980325,5.70976624392453,5.71545149167369,20865636,4002017,NA,42,"5783.62","320.83"
"289","West Bengal",2005,0.492004851,0,0,0,279.3511445,30,105.86344383,31,90.243985628,41,235.720163177,41,303.65994,302.402207741936,300.005110487805,296.794578780488,-4,-0.709266702782338,5.63246957290768,4.66214999782965,5.71590845686461,5.71175794501264,22178946,4446464,NA,NA,"5782.94","288.11"
"290","West Bengal",2006,0.526538431,0,0,0,263.4025456,30,231.55528877,31,47.426456356,41,44.476304674,41,301.993991666667,301.951551935484,300.357872926829,297.762225365854,-3,-0.641430956719665,5.57368345365124,5.44481867339146,5.71040712203347,5.71026658045086,23907712,4736330,85726,NA,"5687.03","283.86"
"291","West Bengal",2007,0.510274643,0,0,0,450.99125714,30,94.12802286,31,48.416597774,41,79.032887318,41,302.164964,303.265329032258,300.024113658537,297.583473902439,-2,-0.672806182525028,6.11144795381589,4.54465580098286,5.71097310665157,5.71460809570491,25763218,5609876,NA,NA,"5719.78","281.63"
"292","West Bengal",2008,0.503253927,0,0,0,498.4358331,30,158.2114512,31,52.312749367,41,58.634464402,41,301.033031,302.346020322581,300.344444878049,297.636741463415,-1,-0.686660411213993,6.21147486115689,5.06393243703758,5.70721999626968,5.71157212414733,27024826,6036140,NA,NA,"5935.71","292.46"
"293","West Bengal",2009,0.5067475,0,1,0,185.17408781,30,276.77313111,31,41.761216605,41,22.202699948,41,303.322592666667,301.895807741935,300.771091707317,297.965732195122,0,-0.679742427061309,5.22129639779028,5.62319814934264,5.71479690142467,5.71008195036906,NA,NA,NA,NA,"5630.1","214.07"
"294","West Bengal",2010,0.515937001,0,1,0,356.0943374,30,187.84068964,31,48.571162164,41,63.5816084,41,302.680024,302.65028483871,302.249834878049,298.680137804878,1,-0.661770612039569,5.8751956884443,5.23559420805548,5.71267622111798,5.71257796348614,NA,NA,NA,NA,NA,NA
"295","West Bengal",2011,0.529213522,0,1,0,509.0569887,30,176.638488,31,77.798129115,41,42.623650791,41,302.007163333333,301.880539032258,299.58911902439,297.527665609756,2,-0.636363295291511,6.23255997236575,5.17410520326949,5.71045073674036,5.7100313729996,NA,NA,NA,NA,NA,NA
"296","West Bengal",2012,0.481045331,0,1,0,266.1903662,30,75.131243599,31,69.029556983,41,58.008708236,41,303.609549666667,303.772268709677,299.722137317073,297.029231219512,3,-0.731793770073748,5.58421171522349,4.31923649887285,5.71574249979183,5.71627830459197,NA,NA,NA,NA,NA,NA
"297","West Bengal",2013,0.548737401,0,1,0,296.1391589,30,199.70392487,31,46.734630951,41,166.367537914,41,302.169698,302.011141612903,300.758115609756,296.766538780488,4,-0.600135274309631,5.69082947526583,5.29683589405938,5.71098877346765,5.71046390945231,NA,NA,NA,NA,NA,NA
"298","West Bengal",2014,0.508720074,0,1,0,357.5169289,30,173.8524467,31,25.666174345,41,44.494217472,41,302.874432,302.561126774193,300.59418195122,297.368970243902,5,-0.675857366559872,5.87918271457935,5.15820693198153,5.71331830377381,5.71228332903791,NA,NA,NA,NA,NA,NA
"299","West Bengal",2015,0.512432058,0,1,0,349.6300447,30,138.14436335,31,110.866221698,41,32.028802099,41,302.344352,302.849082258065,299.80888195122,298.154086585366,6,-0.668587146513818,5.85687558030612,4.92829924959604,5.71156660620739,5.71323460307092,NA,NA,NA,NA,NA,NA
"300","West Bengal",2016,0.534716549,0,1,0,273.3294255,30,223.4776138,31,58.563859098,41,68.131469173,41,302.701505,302.074076774194,301.345470731707,297.965312439024,7,-0.626018487440937,5.61067775453677,5.4093112470684,5.71274718793471,5.71067227462862,NA,NA,NA,NA,NA,NA
