State,St_Code,Year,NDVI,Tr_State,Post,DiD,Rainfall_June,RainyDays_June,Rainfall_May,RainyDays_May,Rainfall_P1,RainyDays_P1,Rainfall_P2,RainyDays_P2,Temp_June,Temp_May,Temp_P1,Temp_P2,Time_To_Treatment,Log_NDVI,Log_Rainfall_June,Log_Rainfall_May,Log_Temp_June,Log_Temp_May,GSDP,AgGDP,Population,SoD,RiceT,RiceK
Andhra Pradesh,1,2002,0.405047469,0,0,0,104.3729515,30,34.06069249,31,11.30040332,41,161.1766216,41,302.451415,305.03792,302.6092768,298.3371017,-7,-0.903751011,4.647970556,3.528144006,5.711920653,5.720436097,NA,NA,NA,NA,1867.16,1354.72
Andhra Pradesh,1,2003,0.366179194,0,0,0,71.89496447,30,3.54003905,31,34.80882869,41,131.0876862,41,304.0490603,305.9464539,302.7142683,298.9127802,-6,-1.004632464,4.275206227,1.264137758,5.717189071,5.723410099,NA,NA,NA,NA,1957.32,1367.87
Andhra Pradesh,1,2004,0.417207309,0,0,0,124.8667792,30,111.7045795,31,22.96051928,39,108.2240848,41,302.4649013,302.9205758,303.023022,298.5102234,-5,-0.874172037,4.827247403,4.715857704,5.711965242,5.713470645,13476688,3224006,NA,38,2227.69,1564.24
Andhra Pradesh,1,2005,0.382668874,0,0,0,73.02365936,30,37.94519625,31,34.76985117,41,272.2482766,41,303.852855,304.523099,302.5903417,297.8002334,-4,-0.960585222,4.290783489,3.636142915,5.716543555,5.718746943,14197662,3280413,NA,NA,2520.72,1595.2
Andhra Pradesh,1,2006,0.452850735,0,0,0,139.6372069,30,80.68934795,31,40.65195193,41,210.6064481,41,302.4766773,303.8934358,302.165912,298.7551739,-3,-0.792192711,4.93904768,4.390606571,5.712004175,5.7166771,15738632,3633146,46897.375,NA,2488.9,1681.06
Andhra Pradesh,1,2007,0.425936686,0,0,0,289.264691,30,43.29010034,31,19.49083954,41,127.6440939,40,301.9815187,304.9123155,302.1829607,298.4896417,-2,-0.853464568,5.667342155,3.767923979,5.710365819,5.720024245,17802768,4799822,NA,NA,2576,1734
Andhra Pradesh,1,2008,0.395849206,0,0,0,84.93460066,30,27.99170556,31,121.1448816,40,124.8372967,40,302.517559,305.0541987,301.1772412,298.766042,-1,-0.926721933,4.441881556,3.331908236,5.712139322,5.720489462,18182940,5349301,NA,NA,2695.73,1777.37
Andhra Pradesh,1,2009,0.4010364,0,1,0,62.38864786,30,62.88925744,31,9.656175424,41,115.4147874,40,303.594908,304.4045184,302.4539444,299.4981744,0,-0.913703083,4.133383334,4.141375361,5.715694273,5.718357469,NA,NA,NA,NA,2325.74,1468
Andhra Pradesh,1,2010,0.420327225,0,1,0,151.6054214,30,115.7687016,31,7.280857755,41,265.9522472,41,302.8650873,304.6557297,303.329501,299.0509217,1,-0.866721764,5.021281234,4.751594249,5.71328745,5.719182384,NA,NA,NA,NA,NA,NA
Andhra Pradesh,1,2011,0.436382452,0,1,0,63.94600111,30,31.23798285,31,16.10210886,41,83.91235538,40,302.7916423,304.5062587,301.872058,299.1464371,2,-0.829236237,4.158038995,3.441634753,5.71304492,5.718691641,NA,NA,NA,NA,NA,NA
Andhra Pradesh,1,2012,0.37789737,0,1,0,84.30082572,30,25.3095289,31,9.993605943,41,156.80531,41,303.731056,305.0381777,302.5788473,298.6846341,3,-0.973132628,4.43439166,3.231180961,5.716142626,5.720436942,NA,NA,NA,NA,NA,NA
Andhra Pradesh,1,2013,0.415849209,0,1,0,159.2455062,30,22.75835022,31,7.486326404,41,205.6240275,41,302.0892063,305.1712087,302.8374122,298.6110707,4,-0.877432563,5.070447075,3.124932121,5.710722359,5.720872959,NA,NA,NA,NA,NA,NA
Andhra Pradesh,1,2014,0.402697318,0,1,0,68.91896663,30,74.30220862,31,7.093958733,41,149.5671318,40,304.2940283,304.3102281,302.6370676,299.2621427,5,-0.909570071,4.232931418,4.308140677,5.717994432,5.718047668,NA,NA,NA,NA,NA,NA
Andhra Pradesh,1,2015,0.416821412,0,1,0,222.7237198,30,40.47654675,31,40.56184832,41,211.3691279,41,302.2354673,305.0824623,302.3528173,299.6699529,6,-0.875097418,5.405932079,3.700722714,5.711206407,5.720582108,NA,NA,NA,NA,NA,NA
Andhra Pradesh,1,2016,0.425872972,0,1,0,241.1263111,30,99.21027828,31,3.803419384,40,29.05528096,39,302.1289567,304.8481471,303.9685837,300.1858551,7,-0.853614165,5.485320909,4.597241621,5.710853935,5.719813774,NA,NA,NA,NA,NA,NA
Bihar,2,2002,0.4492846,0,0,0,192.8797764,30,104.1097896,31,13.98220967,41,44.54999982,41,303.1325537,302.9615132,301.2943932,296.8898129,-7,-0.800098739,5.262067074,4.645446011,5.714170181,5.713605778,NA,NA,NA,NA,3584.73,583.28
Bihar,2,2003,0.429274213,0,0,0,322.212502,30,34.44846009,31,29.24255254,40,111.5168472,41,303.4814733,304.7420161,300.8955117,296.9165205,-6,-0.845659373,5.775211272,3.539464297,5.715320565,5.71946557,NA,NA,NA,NA,3768.25,744.15
Bihar,2,2004,0.431448501,0,0,0,258.0743986,30,63.69370283,28,11.52603474,37,11.21985248,36,302.9140553,304.8671168,302.0561015,296.2368698,-5,-0.840607124,5.55324791,4.154085701,5.71344912,5.719875999,7778116,2067296,NA,39,3140.11,534.52
Bihar,2,2005,0.417861093,0,0,0,153.3454718,30,34.48311022,31,15.55649668,34,68.94739066,34,306.253389,304.3949284,301.136492,296.6500644,-4,-0.872606215,5.032693362,3.540469645,5.724412828,5.718325965,7646594,2082723,NA,NA,3251.26,533.24
Bihar,2,2006,0.4390004,0,0,0,242.847548,30,111.6547693,31,38.85831143,41,23.71839017,41,303.2808263,303.9506471,301.1521829,297.4564117,-3,-0.823254955,5.492433872,4.715411694,5.714659196,5.716865343,8884017,2714782,93549,NA,3364.04,518.02
Bihar,2,2007,0.41944,0,0,0,271.9956966,30,60.43927909,31,25.59263241,31,26.82714874,40,303.8110783,304.8368916,300.93338,297.3283822,-2,-0.868834791,5.605786245,4.10163921,5.716406055,5.719776852,9377406,2704872,NA,NA,3477.42,524.27
Bihar,2,2008,0.426215816,0,0,0,346.152643,30,93.22321118,31,18.07803198,36,3.106227498,39,302.0870387,304.2645894,301.0883007,297.5749941,-1,-0.852809451,5.846879843,4.534996738,5.710715183,5.717897683,10741179,3665967,NA,NA,3495.27,546.87
Bihar,2,2009,0.4290183,0,1,0,127.640173,30,170.356026,31,5.916964909,38,9.224701027,35,305.3786643,303.5372894,301.6122663,297.2293015,0,-0.846255704,4.849215157,5.137890518,5.721552529,5.715504467,NA,NA,NA,NA,3124.04,525.89
Bihar,2,2010,0.432854286,0,1,0,152.3847488,30,82.32680582,31,8.84779203,35,54.14281727,41,305.2311513,304.8523174,303.47336,298.1402285,1,-0.83735413,5.026408564,4.410696763,5.721069363,5.719827454,NA,NA,NA,NA,NA,NA
Bihar,2,2011,0.450945702,0,1,0,310.4645692,30,84.84208039,31,23.47777877,41,21.71380683,37,303.3183233,303.7377984,300.393562,297.1033383,2,-0.796408341,5.738069786,4.440791651,5.714782826,5.716164824,NA,NA,NA,NA,NA,NA
Bihar,2,2012,0.415256333,0,1,0,145.8893893,30,13.76572226,31,21.25161365,41,14.84249212,29,306.1400013,306.3828061,300.1105876,296.3260729,3,-0.87885928,4.982848727,2.622181608,5.724042518,5.724835321,NA,NA,NA,NA,NA,NA
Bihar,2,2013,0.460768538,0,1,0,265.3032066,30,121.7132708,31,16.30853326,32,113.9929386,35,303.0962887,304.2165826,301.302501,296.2647134,4,-0.774859449,5.580873348,4.801668039,5.714050539,5.71773989,NA,NA,NA,NA,NA,NA
Bihar,2,2014,0.424498539,0,1,0,170.7594162,30,99.20049557,31,3.125342659,35,57.42090074,40,304.8423763,304.8675135,300.8575924,296.6471561,5,-0.856846715,5.140255643,4.59714301,5.719794844,5.7198773,NA,NA,NA,NA,NA,NA
Bihar,2,2015,0.427110032,0,1,0,183.4091992,30,46.90814953,31,65.7265202,39,24.12271717,41,304.8390467,304.9325903,299.8842007,297.8474541,6,-0.850713613,5.211719718,3.848191424,5.719783921,5.720090737,NA,NA,NA,NA,NA,NA
Bihar,2,2016,0.444448324,0,1,0,202.9894119,30,96.26152981,31,22.04042877,35,5.175810774,36,304.2925963,303.5548935,302.2223944,297.4825515,7,-0.810921487,5.31315382,4.567068756,5.717989726,5.715562463,NA,NA,NA,NA,NA,NA
Chhattisgarh,3,2002,0.441378433,0,0,0,225.4065563,30,9.447038078,28,17.89370203,41,36.84674446,37,302.4385023,307.0128358,302.3353871,296.6084259,-7,-0.817852647,5.417905689,2.245701261,5.711877959,5.726889557,NA,NA,NA,NA,3777.66,3777.66
Chhattisgarh,3,2003,0.491873397,0,0,0,188.2908672,30,0.819000288,27,37.2303203,40,95.00694241,41,304.4934297,307.3983013,301.9781154,296.359932,-6,-0.709533919,5.237987933,-0.199670843,5.718649509,5.728144305,NA,NA,NA,NA,3828.99,3828.99
Chhattisgarh,3,2004,0.475386579,0,0,0,242.5070872,30,24.71623941,31,13.34291264,31,20.28424656,35,302.0122717,305.5647377,303.4353959,296.0316107,-5,-0.743626955,5.491030935,3.207460494,5.710467651,5.722161664,4786229,705744,NA,20,3843.87,3843.87
Chhattisgarh,3,2005,0.441580466,0,0,0,184.7492959,30,18.36765951,27,9.657118249,39,83.63164625,32,305.3870667,305.9788245,302.206791,295.7894629,-4,-0.81739502,5.218999749,2.910591483,5.721580043,5.723515899,4940774,890805,NA,NA,3854.37,3854.37
Chhattisgarh,3,2006,0.486094166,0,0,0,127.4443445,30,66.91004809,31,40.43049926,41,46.84462062,40,303.2659933,304.2430239,301.0394461,296.7804773,-3,-0.721352917,4.847679756,4.203349152,5.714610286,5.717826803,5859816,967892,23189.5,NA,3905.34,3905.34
Chhattisgarh,3,2007,0.448173708,0,0,0,297.142633,30,15.66469653,31,28.93626749,30,18.39926224,34,302.9509183,305.6962732,301.9522232,296.3529356,-2,-0.802574381,5.694212269,2.751409552,5.713570807,5.722592038,6364377,1295565,NA,NA,3902.9,3902.9
Chhattisgarh,3,2008,0.439174107,0,0,0,377.1009246,30,5.401012627,30,63.40370735,39,12.62764805,36,300.7281707,306.1697297,301.221251,297.1799563,-1,-0.822859345,5.932512856,1.68658646,5.706206769,5.72413962,6898211,1314267,NA,NA,3928.83,3928.83
Chhattisgarh,3,2009,0.5001717,0,1,0,85.11213182,30,14.65975333,31,8.75320865,40,40.40175322,32,305.5134357,306.4762252,302.678928,296.9387983,0,-0.69280384,4.443969585,2.68510587,5.721993757,5.725140184,NA,NA,NA,NA,3837.6,3837.6
Chhattisgarh,3,2010,0.468501932,0,1,0,158.2169176,30,35.04156658,31,3.700419941,40,109.3158901,41,304.2262057,306.3216419,304.723301,297.2733259,1,-0.758215054,5.063966987,3.556534973,5.717771522,5.724635667,NA,NA,NA,NA,NA,NA
Chhattisgarh,3,2011,0.452505293,0,1,0,287.333588,30,10.76794449,31,21.34907661,41,2.860143799,26,301.61463,305.7712229,301.811208,297.0645661,2,-0.792955819,5.660643868,2.376573618,5.709150143,5.722837185,NA,NA,NA,NA,NA,NA
Chhattisgarh,3,2012,0.4147102,0,1,0,177.9675207,30,6.99445381,31,10.41260127,41,69.09511011,30,304.360279,307.0046277,302.3838629,295.9505234,3,-0.880175316,5.181601066,1.945117522,5.718212128,5.726862822,NA,NA,NA,NA,NA,NA
Chhattisgarh,3,2013,0.472532697,0,1,0,387.6676028,30,3.277280526,30,30.62064316,40,138.1400693,36,301.1229413,307.3391894,302.4291271,295.777592,4,-0.749648334,5.960148279,1.187013971,5.707518624,5.727951989,NA,NA,NA,NA,NA,NA
Chhattisgarh,3,2014,0.452585795,0,1,0,117.8897602,30,49.14806591,30,12.46877574,38,104.0409506,36,304.2907653,304.8871065,302.0838059,296.6372429,5,-0.792777932,4.769749952,3.894837495,5.717983709,5.719941565,NA,NA,NA,NA,NA,NA
Chhattisgarh,3,2015,0.445890498,0,1,0,317.6690895,30,25.81753365,30,37.10289047,40,19.99545063,41,302.2823233,306.2820129,301.0802361,297.9679495,6,-0.807681877,5.761010242,3.25105386,5.711361426,5.724506288,NA,NA,NA,NA,NA,NA
Chhattisgarh,3,2016,0.444446013,0,1,0,204.4860182,30,23.72431861,31,21.14665222,36,2.430854876,24,303.87067,305.8644584,303.5214154,296.5547607,7,-0.810926687,5.320499602,3.166500624,5.716602183,5.723142057,NA,NA,NA,NA,NA,NA
Gujarat,4,2002,0.237587058,0,0,0,147.9884424,30,2.153366141,30,2.276634957,39,1.003332533,31,304.342607,305.4138832,302.215892,300.5901529,-7,-1.437221163,4.997134179,0.767032265,5.718154064,5.721667851,NA,NA,NA,NA,480.8,469
Gujarat,4,2003,0.229560647,0,0,0,100.3137253,30,0.731250004,30,0.428933951,29,0.249445547,28,304.053026,304.9173158,302.264702,300.0278122,-6,-1.471588027,4.608302528,-0.312999875,5.717202114,5.720040644,NA,NA,NA,NA,675.3,651.4
Gujarat,4,2004,0.242147854,0,0,0,127.5461917,30,16.34454092,29,0.071519584,23,1.536603783,30,303.7454573,304.8352868,302.5945722,299.8591788,-5,-1.418206772,4.848478587,2.793893953,5.716190039,5.719771587,20337300,2674600,NA,76,679.4,665.6
Gujarat,4,2005,0.241473471,0,0,0,183.8354329,30,1.762575812,31,0.007287139,15,0.566838673,13,304.1834127,304.6734671,301.6719185,299.5226427,-4,-1.420995663,5.214040971,0.566776269,5.717630851,5.719240603,23377600,3532300,NA,NA,672.9,648.3
Gujarat,4,2006,0.253753974,0,0,0,79.11674679,30,2.954064279,31,0.189636729,41,1.023679967,28,304.030328,304.7966661,301.2604254,300.3762871,-3,-1.371390088,4.370924569,1.083181944,5.71712746,5.719644886,25339300,4207500,55555.5,NA,689.3,655.6
Gujarat,4,2007,0.244727241,0,0,0,124.2080516,30,1.489001909,31,2.078080988,23,5.662455852,25,304.2707423,304.8994819,302.3619773,300.1720976,-2,-1.407610991,4.821957995,0.398106036,5.717917905,5.719982155,28127300,5107700,NA,NA,758.6,726
Gujarat,4,2008,0.246546448,0,0,0,116.4832813,30,1.165974463,31,3.202622258,32,1.629721702,29,303.254196,304.0983426,301.5989229,300.4369198,-1,-1.400204873,4.757747755,0.153557186,5.714571384,5.717351144,30034100,5108800,NA,NA,747.3,722.1
Gujarat,4,2009,0.2387893,0,1,0,53.46655115,30,0.638090241,30,1.269631644,36,15.95518442,25,304.4580453,304.8700526,302.6850529,299.7765029,0,-1.432173706,3.979056246,-0.449275562,5.718533296,5.719885629,NA,NA,NA,NA,679.5,658.5
Gujarat,4,2010,0.244208766,0,1,0,43.03139915,30,0.660816942,31,0.219081843,34,52.52018038,38,305.0508067,306.3546374,303.2880422,300.4162824,1,-1.409731821,3.761930062,-0.414278418,5.720478342,5.724743377,NA,NA,NA,NA,NA,NA
Gujarat,4,2011,0.253700727,0,1,0,39.25818287,30,1.601044594,31,0.16475855,41,1.323872023,25,304.5317953,304.6751965,302.1174744,301.0809488,2,-1.371599947,3.670159903,0.470656287,5.7187755,5.71924628,NA,NA,NA,NA,NA,NA
Gujarat,4,2012,0.241059744,0,1,0,28.7548807,30,1.700188686,31,0.516335788,41,0.083162185,26,304.506237,304.5679132,301.6775307,299.8295317,3,-1.422710476,3.358807516,0.530739237,5.71869157,5.718894094,NA,NA,NA,NA,NA,NA
Gujarat,4,2013,0.26321382,0,1,0,140.4653018,30,0.981527907,30,2.331996035,27,3.322370595,27,303.4998837,305.2926239,301.3682524,299.0373712,4,-1.334788573,4.944960496,-0.018644833,5.715381227,5.721270739,NA,NA,NA,NA,NA,NA
Gujarat,4,2014,0.237415422,0,1,0,14.60312642,30,2.38047898,31,1.098369501,29,5.92956441,32,305.355893,305.1971435,301.3918437,301.2540424,5,-1.437943837,2.681235644,0.86730172,5.721477959,5.72095794,NA,NA,NA,NA,NA,NA
Gujarat,4,2015,0.23888685,0,1,0,107.1485655,30,1.019959238,31,7.168724716,33,1.559810285,38,304.3743207,306.0642516,302.3250354,301.1353637,6,-1.43176527,4.674216334,0.019762664,5.718258262,5.723795053,NA,NA,NA,NA,NA,NA
Gujarat,4,2016,0.242229166,0,1,0,55.44081944,30,3.517430066,31,0.345341245,28,0.137236058,24,305.2365703,305.9453961,302.2863366,299.2146449,7,-1.417871034,4.015316136,1.257730628,5.721087116,5.723406642,NA,NA,NA,NA,NA,NA
Jharkhand,5,2002,0.463286422,0,0,0,306.9524432,30,73.98125746,31,17.05871461,41,43.06745692,36,302.2034767,303.8394865,301.025962,295.7824024,-7,-0.769409794,5.726692827,4.303811784,5.711100554,5.716499557,NA,NA,NA,NA,1059.03,136.35
Jharkhand,5,2003,0.485165848,0,0,0,257.8296725,30,23.73186586,29,55.23099131,40,127.8619991,40,303.0878267,304.6519752,300.3421337,296.2354027,-6,-0.723264492,5.552299183,3.166818696,5.71402262,5.71917006,NA,NA,NA,NA,2051.74,614.15
Jharkhand,5,2004,0.468212321,0,0,0,221.0059327,30,24.16492429,30,10.28132898,34,17.71036906,28,301.9873543,304.9185439,302.1594973,295.2379746,-5,-0.758833409,5.398189546,3.184902172,5.710385143,5.720044672,5975772,679460,NA,21,1134.23,153.62
Jharkhand,5,2005,0.463301376,0,0,0,170.2696953,30,26.48731894,29,30.93384412,38,130.5026362,28,305.3057547,304.5655777,300.716862,295.4752249,-4,-0.769377517,5.137383623,3.276666088,5.721313749,5.718886426,5784841,736560,NA,NA,1104.12,149.37
Jharkhand,5,2006,0.500642732,0,0,0,192.8962218,30,104.6554696,31,36.4096586,41,30.25013566,36,302.2268293,302.9282323,300.3876354,296.4936127,-3,-0.691862542,5.262152333,4.650673713,5.711177826,5.71349592,5922572,865457,29967,NA,1179.21,183.64
Jharkhand,5,2007,0.454609532,0,0,0,210.8390198,30,49.92063503,31,38.19864824,27,24.53722562,37,302.9422343,303.6755184,300.3001668,296.2988705,-2,-0.7883164,5.351094903,3.910434445,5.713542142,5.715959758,7137711,993415,NA,NA,1198.06,183.31
Jharkhand,5,2008,0.466021612,0,0,0,403.4709773,30,44.18595932,31,23.8514187,32,3.245327235,37,300.770324,304.0268158,300.54537,296.7961483,-1,-0.763523268,6.000104558,3.788407076,5.70634693,5.717115907,7012946,1242345,NA,NA,1196.87,188.44
Jharkhand,5,2009,0.4733021,0,1,0,74.54288458,30,129.3974669,30,8.977078841,40,26.7021667,26,304.9209287,303.4449516,301.4605668,296.4474666,0,-0.748021405,4.311374592,4.862888806,5.720052493,5.715200216,NA,NA,NA,NA,825.79,0
Jharkhand,5,2010,0.479916344,0,1,0,144.7161427,30,51.57393597,31,6.251436402,34,57.44291277,41,304.4951387,304.6678132,303.8029983,297.4361956,1,-0.734143474,4.974774187,3.943016428,5.718655122,5.719222046,NA,NA,NA,NA,NA,NA
Jharkhand,5,2011,0.465999084,0,1,0,397.9902978,30,55.05889137,31,32.14230009,41,22.70234383,36,302.0239383,303.8355206,300.5450693,296.2133829,2,-0.763571611,5.986427628,4.008403364,5.71050628,5.716486504,NA,NA,NA,NA,NA,NA
Jharkhand,5,2012,0.442166281,0,1,0,147.2817643,30,11.88091412,31,15.45474145,41,61.60742024,32,305.3226013,305.7602323,300.460198,295.4695744,3,-0.816069266,4.992347516,2.474933257,5.721368927,5.72280124,NA,NA,NA,NA,NA,NA
Jharkhand,5,2013,0.494345144,0,1,0,216.8450083,30,90.05809443,31,27.15800215,33,124.4804403,30,301.785475,304.4163839,301.0191963,295.3335371,4,-0.704521334,5.379182851,4.500454956,5.709716417,5.718396448,NA,NA,NA,NA,NA,NA
Jharkhand,5,2014,0.462970703,0,1,0,177.5962056,30,77.5527345,28,6.367628411,36,38.87474239,32,304.0097927,304.2238171,300.530381,295.9691112,5,-0.770091503,5.179512465,4.35095815,5.717059914,5.717763671,NA,NA,NA,NA,NA,NA
Jharkhand,5,2015,0.462424659,0,1,0,216.0629459,30,48.3234814,31,58.75939891,40,25.20921911,41,303.1054467,304.8861394,299.9468546,297.398488,6,-0.771271635,5.375569781,3.8779176,5.714080754,5.719938393,NA,NA,NA,NA,NA,NA
Jharkhand,5,2016,0.476439956,0,1,0,138.1638982,30,59.57112486,31,19.50668004,35,5.75281317,31,303.7255797,304.0029335,302.57143,296.485328,7,-0.741413574,4.928440649,4.087170974,5.716124595,5.717037351,NA,NA,NA,NA,NA,NA
Karnataka,6,2002,0.390975477,0,0,0,219.254117,30,78.84785268,31,25.18454811,41,132.1805582,41,298.8585853,301.9356003,302.0020207,297.5987624,-7,-0.93911044,5.390231409,4.36752008,5.699970503,5.710213751,NA,NA,NA,NA,1154.79,1030.45
Karnataka,6,2003,0.350331019,0,0,0,193.0270647,30,15.02568483,31,42.40890932,41,87.02751913,41,300.1516143,303.3678397,301.9698766,298.0181532,-6,-1.048876803,5.262830411,2.709761059,5.704287728,5.714946062,NA,NA,NA,NA,1073.92,944.29
Karnataka,6,2004,0.387542597,0,0,0,200.2740618,30,175.658564,31,39.23221448,41,80.79781507,41,298.5751583,300.1267968,302.1674341,297.8489354,-5,-0.947929508,5.299686738,5.168542133,5.699021688,5.704205041,16674713,2645533,NA,70,1308.18,1055.09
Karnataka,6,2005,0.39817098,0,0,0,204.8245616,30,52.92981393,31,42.75501158,41,189.6233046,38,299.826929,302.5932768,301.5294612,296.492749,-4,-0.920873768,5.322153816,3.968966771,5.703205405,5.712389583,18427703,3258811,NA,NA,1485.17,1076.03
Karnataka,6,2006,0.420187893,0,0,0,241.6515278,30,176.2422831,31,25.66146902,41,126.3050673,41,298.8754057,301.675299,301.3437183,297.8371817,-3,-0.867053303,5.487496721,5.171859657,5.700026783,5.70935127,20266010,3326756,56973,NA,1395.68,1066.99
Karnataka,6,2007,0.402855531,0,0,0,363.4940826,30,78.35600035,31,27.97877742,41,142.529214,37,299.0177847,301.9422068,302.0939905,297.3626456,-2,-0.909177265,5.895763018,4.36126255,5.700503052,5.710235631,22820215,3902162,NA,NA,1416.33,1051.46
Karnataka,6,2008,0.389266824,0,0,0,173.7607453,30,67.43155203,31,157.4050712,41,93.09179066,41,298.9480637,301.7703313,300.1219076,297.4908463,-1,-0.943490248,5.157679326,4.211113039,5.700269858,5.709666236,24442138,4061267,NA,NA,1513.99,1129.89
Karnataka,6,2009,0.4181792,0,1,0,186.4730524,30,93.80014606,31,35.52338568,41,146.1125478,41,299.4744797,302.0344371,301.77334,297.978012,0,-0.87184523,5.228286737,4.541166413,5.702029204,5.710541041,NA,NA,NA,NA,1486.49,1102.24
Karnataka,6,2010,0.421158562,0,1,0,230.9051227,30,52.83254148,31,20.93647021,41,216.8220037,41,299.7392973,302.8648906,302.4992961,297.3915685,1,-0.864745884,5.442006902,3.967127317,5.702913088,5.713286801,NA,NA,NA,NA,NA,NA
Karnataka,6,2011,0.411410265,0,1,0,216.5948885,30,62.01345413,31,26.75078959,41,130.3981814,39,298.6316067,301.8157319,301.134229,297.8407493,2,-0.888164351,5.378028735,4.127351364,5.699210729,5.709816672,NA,NA,NA,NA,NA,NA
Karnataka,6,2012,0.375950452,0,1,0,192.3268764,30,40.96795999,31,21.38812826,41,126.0302004,38,299.5886897,302.1049781,301.8141756,297.2891202,3,-0.978297921,5.259196405,3.712790298,5.702410499,5.710774566,NA,NA,NA,NA,NA,NA
Karnataka,6,2013,0.389297033,0,1,0,296.2750904,30,67.80853624,31,8.816824411,41,105.7191415,41,298.2162253,302.5604845,302.2444044,297.3898459,4,-0.943412646,5.691288382,4.21668809,5.697818812,5.712281206,NA,NA,NA,NA,NA,NA
Karnataka,6,2014,0.402836021,0,1,0,103.3487961,30,113.5370916,31,21.92530789,41,123.2441339,41,300.6433563,301.957659,302.1142595,297.8559517,5,-0.909225696,4.638109637,4.732129581,5.7059247,5.710286806,NA,NA,NA,NA,NA,NA
Karnataka,6,2015,0.43028152,0,1,0,219.3046989,30,98.23472096,31,58.78996484,41,109.8994012,41,299.4382803,302.1370174,301.4247793,298.9011544,6,-0.843315587,5.390462082,4.587359727,5.701908321,5.710880615,NA,NA,NA,NA,NA,NA
Karnataka,6,2016,0.389547862,0,1,0,348.9051153,30,70.14013626,31,9.694203186,41,32.05324697,41,298.8451007,302.8765552,303.4598688,298.3000878,7,-0.942768541,5.854800009,4.250495187,5.699925381,5.713325314,NA,NA,NA,NA,NA,NA
Kerala,7,2002,0.661657476,0,0,0,343.2518915,30,289.6627877,31,134.5556281,41,379.7785211,41,298.080172,299.3579845,300.166959,297.9073846,-7,-0.413007265,5.838464555,5.668717445,5.697362484,5.70164013,NA,NA,NA,NA,310.53,112.45
Kerala,7,2003,0.68581183,0,0,0,530.3501119,30,174.7218644,31,180.6441963,41,261.4543777,41,298.3903357,300.0092926,300.1541837,298.0665295,-6,-0.377151989,6.273537377,5.163195364,5.698402481,5.703813449,NA,NA,NA,NA,287.34,102.77
Kerala,7,2004,0.648770123,0,0,0,473.9784899,30,447.4562721,31,179.7490302,41,312.3915396,41,297.831918,298.4511994,300.5261415,298.2707237,-5,-0.432676827,6.161161941,6.103578817,5.696529294,5.698606433,11926400,1698051,NA,47,289.99,105.36
Kerala,7,2005,0.643714122,0,0,0,446.623063,30,162.6139068,31,173.7621663,41,353.940454,41,298.4400403,300.18602,300.2487659,297.8957163,-4,-0.440500561,6.101714979,5.091378721,5.698569043,5.704402349,13129393,1894914,NA,NA,275.74,98.26
Kerala,7,2006,0.700571764,0,0,0,389.3765231,30,430.7890149,31,159.4842034,41,495.5174886,41,298.3638553,299.2287987,300.1967698,298.0749717,-3,-0.355858472,5.964546801,6.065618446,5.698313733,5.701208494,14166669,2082101,32623.5,NA,263.54,83.86
Kerala,7,2007,0.727624706,0,0,0,651.6059653,30,258.3321024,31,147.9097158,41,399.0601773,41,298.3691867,299.7574713,300.7116707,297.9309332,-2,-0.317969877,6.479440032,5.554245976,5.698331601,5.702973719,15409268,2221633,NA,NA,228.94,77.53
Kerala,7,2008,0.638321541,0,0,0,380.1129278,30,216.7796638,31,306.7494267,41,359.9392717,41,298.0948657,299.391999,299.3152093,298.3830351,-1,-0.44891314,5.940468387,5.378881464,5.697411777,5.701753748,16265920,2492744,NA,NA,234.28,79.39
Kerala,7,2009,0.6537246,0,1,0,451.6483871,30,251.7597852,31,171.2732914,41,453.9263559,41,298.3744987,299.8499506,300.2688156,298.8249163,0,-0.425069117,6.112903972,5.5284754,5.698349404,5.703282185,NA,NA,NA,NA,234.02,77.26
Kerala,7,2010,0.708102665,0,1,0,585.1408577,30,239.9949946,31,143.6956456,41,398.5659859,41,298.6513473,300.3836226,301.1943956,297.9327815,1,-0.345166189,6.371852601,5.480618067,5.699276831,5.7050604,NA,NA,NA,NA,NA,NA
Kerala,7,2011,0.646686281,0,1,0,467.8836871,30,220.7665625,31,164.5262229,41,359.247586,41,298.3024693,299.7542413,300.0740983,298.3963534,2,-0.435893985,6.148219733,5.397105865,5.69810797,5.702962943,NA,NA,NA,NA,NA,NA
Kerala,7,2012,0.595920927,0,1,0,448.1145815,30,149.7826065,31,102.9378789,41,295.8419031,41,298.3077973,299.9443568,300.5629617,298.3900395,3,-0.517647294,6.105048962,5.009184953,5.69812583,5.70359698,NA,NA,NA,NA,NA,NA
Kerala,7,2013,0.64075064,0,1,0,799.0231187,30,224.7101895,31,98.07055639,41,239.6791361,41,297.527481,300.0924329,300.8123824,298.517521,4,-0.445114915,6.68338988,5.414811525,5.695506594,5.704090537,NA,NA,NA,NA,NA,NA
Kerala,7,2014,0.644434755,0,1,0,314.6307621,30,322.2013391,31,100.3041557,41,401.248633,41,299.108952,300.0646942,301.0558432,298.5841971,5,-0.439381695,5.751399767,5.775176627,5.700807895,5.703998099,NA,NA,NA,NA,NA,NA
Kerala,7,2015,0.684101397,0,1,0,386.8376241,30,302.7337963,31,173.1437974,41,332.2788132,41,298.6694347,299.812579,300.4133441,298.8930215,6,-0.379649131,5.958005029,5.712853859,5.699337392,5.703157543,NA,NA,NA,NA,NA,NA
Kerala,7,2016,0.631041744,0,1,0,486.1672391,30,276.5513257,31,87.39746216,41,225.8283131,41,298.1992927,300.53683,301.8968051,298.6387624,7,-0.460383263,6.186552678,5.62239643,5.69776203,5.705570309,NA,NA,NA,NA,NA,NA
Madhya Pradesh,8,2002,0.355211891,0,0,0,146.2255387,30,7.278475938,30,4.173824608,38,29.64963221,34,304.4614403,307.6260868,302.1466259,296.9952627,-7,-1.035040792,4.985150215,1.984921491,5.718544446,5.728885041,NA,NA,NA,NA,1671.14,1671.14
Madhya Pradesh,8,2003,0.386424625,0,0,0,138.1337106,29,0.873697933,25,7.390083789,35,7.025456835,38,305.2717873,307.0821613,302.0049278,296.742138,-6,-0.950818449,4.928222134,-0.135020577,5.721202486,5.727115338,NA,NA,NA,NA,1708.63,1708.63
Madhya Pradesh,8,2004,0.36738231,0,0,0,165.4136745,30,5.427217931,30,1.138923983,18,16.88134178,23,303.7352823,306.7523477,303.6508566,296.1555985,-5,-1.001352257,5.108449455,1.691426651,5.71615654,5.726040737,11292689,2753979,NA,48,1675.56,1675.56
Madhya Pradesh,8,2005,0.369783537,0,0,0,141.2635227,30,3.405707367,27,0.880675846,21,17.81564517,20,306.3078237,306.7462852,301.43361,296.0494251,-4,-0.99483748,4.950627101,1.225452662,5.724590556,5.726020973,11891946,3058330,NA,NA,1700.47,1700.47
Madhya Pradesh,8,2006,0.375841582,0,0,0,78.20574874,30,15.70242782,31,14.74846481,41,12.28352393,32,304.7223067,306.4214181,300.4969344,297.114642,-3,-0.978587549,4.359343158,2.753815339,5.719400892,5.724961338,12989612,3415396,66487.5,NA,1674.05,1674.05
Madhya Pradesh,8,2007,0.365896602,0,0,0,134.4863221,30,4.845779541,31,9.758820637,27,5.203727795,23,304.8769833,306.4897574,301.8898405,296.7603354,-2,-1.005404494,4.901462499,1.578108128,5.719908362,5.725184337,13598571,3593132,NA,NA,1634.94,1634.94
Madhya Pradesh,8,2008,0.370662313,0,0,0,326.7211546,30,5.987633334,31,12.03124114,36,6.433879851,33,301.7033357,306.1849029,301.5252054,297.4652888,-1,-0.992463838,5.789107069,1.789696231,5.709444202,5.724189177,15294616,4400691,NA,NA,1706.57,1706.57
Madhya Pradesh,8,2009,0.3880608,0,1,0,57.45390029,30,6.701029948,31,5.161753,40,71.05803226,24,306.5539923,306.9924797,301.9156022,296.6500012,0,-0.946593251,4.050982892,1.902261238,5.725393898,5.726823251,NA,NA,NA,NA,1593.09,0
Madhya Pradesh,8,2010,0.375828797,0,1,0,65.87016229,30,2.243489569,31,0.818928896,31,58.9148958,40,306.258049,308.4425277,304.1605759,297.8357541,1,-0.978621566,4.187685566,0.808032497,5.724428044,5.73153553,NA,NA,NA,NA,NA,NA
Madhya Pradesh,8,2011,0.357766167,0,1,0,311.708131,30,3.460851766,31,3.473172941,41,0.195529274,18,303.2116723,307.2639568,301.5536532,297.4815705,2,-1.027875671,5.742067272,1.241514734,5.71443115,5.727707172,NA,NA,NA,NA,NA,NA
Madhya Pradesh,8,2012,0.342576214,0,1,0,35.13288581,30,5.586289975,31,2.944025965,41,6.133702294,26,305.8538247,306.9380774,301.5297905,296.2380959,3,-1.071261123,3.559137609,1.720315377,5.723107291,5.726646025,NA,NA,NA,NA,NA,NA
Madhya Pradesh,8,2013,0.390281197,0,1,0,291.4301148,30,0.317890973,25,18.42759337,35,18.48895957,29,302.305741,307.7679839,301.1607885,296.0062232,4,-0.940887782,5.674800234,-1.146046807,5.711438893,5.7293462,NA,NA,NA,NA,NA,NA
Madhya Pradesh,8,2014,0.331135703,0,1,0,26.2180779,30,2.889766983,30,6.832330135,33,31.88187587,32,306.5112953,306.0124823,300.9707473,297.4610968,5,-1.105227009,3.266449169,1.06117587,5.725254607,5.723625893,NA,NA,NA,NA,NA,NA
Madhya Pradesh,8,2015,0.353244282,0,1,0,155.1433644,30,5.317301343,31,60.58609815,40,31.32704894,41,304.3403897,307.6488619,299.9931568,298.4018154,6,-1.040595444,5.044349621,1.670965908,5.718146778,5.728959074,NA,NA,NA,NA,NA,NA
Madhya Pradesh,8,2016,0.376887714,0,1,0,110.884069,30,10.99324837,31,11.33669607,31,0.171184819,16,305.856596,307.2098035,302.7057668,296.4518788,7,-0.975807977,4.708485232,2.3972813,5.723116352,5.727530913,NA,NA,NA,NA,NA,NA
Maharashtra,9,2002,0.364313448,0,0,0,346.9122092,30,15.13295373,31,9.783358316,41,48.14331156,40,301.582229,305.4579932,302.9486659,297.757979,-7,-1.009740661,5.849071749,2.716874732,5.709042712,5.721812267,NA,NA,NA,NA,1523.3,1496.8
Maharashtra,9,2003,0.389774239,0,0,0,199.814088,30,1.195343354,31,13.77344557,41,15.28277359,41,302.515624,305.8320784,302.5456359,298.4676349,-6,-0.942187582,5.297387374,0.17843347,5.712132926,5.723036188,NA,NA,NA,NA,1529.9,1500.4
Maharashtra,9,2004,0.368836711,0,0,0,192.2852531,30,42.1011981,31,2.920014522,39,27.22635875,37,301.5890783,304.5525732,303.5919844,297.9293576,-5,-0.99740125,5.258979963,3.740076199,5.709065423,5.718843727,41547968,3442261,NA,48,1508.7,1488.2
Maharashtra,9,2005,0.379189795,0,0,0,195.6768489,30,7.351681019,31,8.306396432,39,68.90445306,27,303.4860503,305.5838494,302.4953656,296.6962041,-4,-0.969718421,5.276464568,1.994928997,5.715335647,5.722224207,47092933,3989710,NA,NA,1512.5,1473.7
Maharashtra,9,2006,0.395931505,0,0,0,200.2640278,30,70.47869218,31,14.5269558,41,28.86367148,41,301.991979,304.8361781,301.6491698,298.0218137,-3,-0.92651405,5.299636635,4.255310426,5.710400457,5.719774511,53465395,5097125,104626.5,NA,1529.3,1491.3
Maharashtra,9,2007,0.386495939,0,0,0,319.5139884,30,13.94910754,31,8.736853252,40,20.99682324,34,302.0554487,305.2688039,303.0542327,298.20996,-2,-0.950633918,5.766801055,2.635415531,5.710610605,5.721192713,59483158,6471248,NA,NA,1576.7,1535.3
Maharashtra,9,2008,0.370578466,0,0,0,189.7863535,30,5.574100376,31,45.78405527,41,12.5096019,35,301.396417,305.3922752,301.9861454,298.4437612,-1,-0.992690073,5.245898984,1.718130937,5.708426398,5.721597098,61019135,5919787,NA,NA,1521.5,1499.5
Maharashtra,9,2009,0.3984303,0,1,0,94.92176219,30,13.8747197,31,6.230815899,41,96.4312607,36,303.460187,305.4675432,303.136909,298.2802963,0,-0.920222702,4.553052996,2.630068457,5.715250422,5.721843531,NA,NA,NA,NA,1470.6,1450
Maharashtra,9,2010,0.398589534,0,1,0,206.2715836,30,7.514823547,31,3.875582794,40,131.2610909,41,302.796118,306.6847974,304.0888524,298.4678688,1,-0.919823128,5.329193668,2.016877543,5.713059701,5.725820502,NA,NA,NA,NA,NA,NA
Maharashtra,9,2011,0.371693788,0,1,0,171.7324532,30,8.499164817,31,5.846482696,41,26.41685452,33,301.392326,305.2307448,302.2516663,298.5725054,2,-0.989684914,5.145937761,2.139967902,5.708412825,5.721068031,NA,NA,NA,NA,NA,NA
Maharashtra,9,2012,0.358033504,0,1,0,124.0554351,30,7.51901475,31,4.076099751,41,27.42000402,33,302.7685543,305.6584694,303.0838785,297.5992793,3,-1.02712871,4.820728523,2.017435112,5.712968667,5.722468365,NA,NA,NA,NA,NA,NA
Maharashtra,9,2013,0.38287119,0,1,0,413.8894251,30,5.56596559,31,6.324064219,38,35.61941002,37,300.317345,306.3685268,302.8901295,297.6904351,4,-0.960056665,6.025598849,1.716670481,5.704839732,5.724788713,NA,NA,NA,NA,NA,NA
Maharashtra,9,2014,0.343803646,0,1,0,48.60327711,30,15.69566003,31,9.736073282,40,58.8348999,35,304.025222,305.03667,302.4196283,298.8953795,5,-1.067684581,3.883690959,2.753384243,5.717110665,5.720431999,NA,NA,NA,NA,NA,NA
Maharashtra,9,2015,0.367387509,0,1,0,273.279927,30,20.06394206,31,42.19399794,41,11.27950519,41,301.8686223,306.043701,301.7429012,299.7579363,6,-1.001338105,5.610496643,2.998924277,5.709991897,5.723727905,NA,NA,NA,NA,NA,NA
Maharashtra,9,2016,0.385083382,0,1,0,228.1929499,30,14.93786876,31,8.753788875,38,2.941014831,30,302.9712467,306.0564884,304.0861356,297.4890676,7,-0.954295392,5.430191542,2.703899516,5.713637906,5.723769687,NA,NA,NA,NA,NA,NA
Orissa,10,2002,0.49381596,0,0,0,253.8296074,30,42.23806528,30,32.61475682,41,63.07849526,41,302.0610327,305.5048035,301.9558354,297.1002117,-7,-0.705592382,5.536663205,3.743321835,5.710629092,5.721965502,NA,NA,NA,NA,4273,4273
Orissa,10,2003,0.486360924,0,0,0,208.469042,30,9.257296119,31,60.89082063,41,115.3176635,41,303.4977643,305.6670406,301.5519739,297.3624805,-6,-0.720804289,5.339790551,2.22541201,5.715374244,5.722496407,NA,NA,NA,NA,4501,4501
Orissa,10,2004,0.510055791,0,0,0,214.5295986,30,31.09050881,31,20.16069503,37,21.68408404,39,302.1716843,304.4865355,302.726671,297.049851,-5,-0.673235165,5.368447718,3.43690259,5.710995347,5.718626868,7772943,1460377,NA,18,4492,824
Orissa,10,2005,0.468256277,0,0,0,153.033808,30,28.55135216,31,40.47281734,41,180.6737847,39,304.462829,304.7113177,301.7516141,296.6653722,-4,-0.758739533,5.030658864,3.351704296,5.718549007,5.719364829,8214472,1570754,NA,NA,4479,781
Orissa,10,2006,0.548794136,0,0,0,198.9102895,30,98.94826882,31,34.36262413,41,61.66578058,40,302.1712343,303.0887568,301.2696724,297.5778151,-3,-0.600031888,5.292853916,4.594597176,5.710993858,5.714025689,9270083,1781141,39389.5,NA,4451,757
Orissa,10,2007,0.501873925,0,0,0,305.9654017,30,55.0695305,31,26.62433049,40,43.05374569,40,302.2055023,304.1356023,301.7221539,297.3378544,-2,-0.689406336,5.723472029,4.008596578,5.711107257,5.717473662,10284562,2644483,NA,NA,4452,742
Orissa,10,2008,0.469400285,0,0,0,376.7383295,30,24.25597871,31,70.06163994,39,35.79684629,41,300.5599017,304.5476897,300.9236898,297.9885334,-1,-0.756299388,5.93155086,3.188663132,5.705647074,5.718827691,11081178,2655703,NA,NA,4455,707
Orissa,10,2009,0.4829604,0,1,0,81.23495831,30,67.49648096,31,16.77247077,41,37.84434833,40,304.499271,304.5307235,302.3017556,297.907929,0,-0.727820616,4.397345676,4.212075463,5.718668693,5.71877198,NA,NA,NA,NA,4365,687
Orissa,10,2010,0.491349161,0,1,0,214.8945377,30,73.70250397,31,10.6826116,40,154.8504149,41,302.972156,304.0714074,303.7599032,298.0353678,1,-0.710600282,5.370147385,4.300036774,5.713640907,5.717262567,NA,NA,NA,NA,NA,NA
Orissa,10,2011,0.525651454,0,1,0,297.4125422,30,34.82474264,31,35.82003409,41,20.52319433,40,301.5170667,303.9519329,301.19094,297.6068737,2,-0.643116921,5.695120206,3.55032813,5.70882662,5.716869573,NA,NA,NA,NA,NA,NA
Orissa,10,2012,0.450878628,0,1,0,231.813992,30,26.10468613,31,18.96595929,41,77.85185697,39,303.502376,304.9668877,302.0577105,296.9638302,3,-0.796557093,5.445935291,3.262114844,5.715389439,5.720203206,NA,NA,NA,NA,NA,NA
Orissa,10,2013,0.535487718,0,1,0,328.165069,30,40.69178339,31,28.1481198,41,270.6772319,38,301.2484807,305.0875723,302.3963661,296.6193654,4,-0.624577325,5.793516741,3.70602619,5.707935441,5.720598858,NA,NA,NA,NA,NA,NA
Orissa,10,2014,0.520361475,0,1,0,188.9253807,30,115.1560696,31,14.65198181,40,92.30805892,40,303.1448047,303.6221045,302.0469359,297.766258,5,-0.653231565,5.241352126,4.746288335,5.714210595,5.715783851,NA,NA,NA,NA,NA,NA
Orissa,10,2015,0.507000691,0,1,0,303.991036,30,43.80224575,31,47.48473337,41,47.09666984,41,301.8904307,304.6752348,301.5220602,298.6811,6,-0.679242912,5.716998214,3.779685089,5.710064139,5.719246405,NA,NA,NA,NA,NA,NA
Orissa,10,2016,0.511178125,0,1,0,198.3448868,30,74.39726806,31,18.96621212,41,34.50475553,37,302.8120613,304.3372803,303.3159634,297.5869629,7,-0.671037168,5.290007368,4.309419222,5.713112353,5.718136561,NA,NA,NA,NA,NA,NA
Rajasthan,11,2002,0.160680408,0,0,0,52.31003857,30,11.34126906,31,3.123882714,33,3.591579308,34,307.57595,308.6582848,302.2167617,298.717281,-7,-1.82833793,3.957188295,2.428448202,5.728722049,5.732234791,NA,NA,NA,NA,83.58,83.58
Rajasthan,11,2003,0.151272026,0,0,0,63.8740453,30,2.895850368,23,1.632560114,35,0.043186749,27,307.2197343,307.31668,302.07147,297.6750034,-6,-1.888675566,4.156913102,1.063278805,5.727563239,5.727878747,NA,NA,NA,NA,99.76,99.76
Rajasthan,11,2004,0.169538229,0,0,0,29.78175155,30,2.672903947,26,0.345673477,15,5.135473104,23,306.7065843,307.3730429,303.7508027,297.1303393,-5,-1.774676838,3.393895842,0.983165502,5.725891539,5.728062133,12774565,2791717,NA,125,101.37,101.37
Rajasthan,11,2005,0.172275362,0,0,0,45.1834901,30,6.08905487,28,1.285747009,17,0.145789827,12,307.603162,306.5434639,300.8713902,297.9055893,-4,-1.75866114,3.810731757,1.806492876,5.728810517,5.725359552,13628496,2912790,NA,NA,107.5,107.5
Rajasthan,11,2006,0.169028623,0,0,0,54.34353863,30,5.261131478,31,5.956872216,41,4.740759496,37,306.2444917,308.2974648,300.6524227,298.6764495,-3,-1.777687212,3.995325722,1.660346114,5.724383775,5.731065112,15218867,3519674,62527.5,NA,107.8,107.8
Rajasthan,11,2007,0.172388614,0,0,0,41.41839833,30,5.035800764,31,12.17652064,24,0.16336459,15,307.0569857,307.5466306,301.4891073,298.1884966,-2,-1.758003967,3.723725186,1.616572553,5.727033351,5.72862672,16001662,4232949,NA,NA,127.84,127.84
Rajasthan,11,2008,0.180593824,0,0,0,94.38923244,30,20.13532723,31,16.59297417,36,2.512002987,29,304.875609,305.9735323,301.2339429,298.9159112,-1,-1.711504836,4.547427004,3.002475846,5.719903854,5.723498602,17455575,4773855,NA,NA,133.42,133.42
Rajasthan,11,2009,0.1642136,0,1,0,20.26900958,30,8.460203337,31,5.178810092,37,10.22023371,25,307.4202633,308.1680265,301.2746549,297.7906344,0,-1.80658726,3.009093098,2.135373208,5.728215747,5.730645175,NA,NA,NA,NA,150.72,150.72
Rajasthan,11,2010,0.157400336,0,1,0,34.27896721,30,1.467911199,31,0.413760061,35,35.53372354,35,307.6760607,309.4098245,304.7642249,298.5360956,1,-1.848962808,3.534531965,0.383840437,5.729047478,5.734666691,NA,NA,NA,NA,NA,NA
Rajasthan,11,2011,0.182359925,0,1,0,65.90102122,30,4.831144364,31,2.591942643,41,0.077419722,17,306.939123,307.7665574,301.1118905,298.770489,2,-1.701772935,4.188153938,1.575083368,5.726649432,5.729341565,NA,NA,NA,NA,NA,NA
Rajasthan,11,2012,0.171873958,0,1,0,6.545267205,30,7.314928916,31,5.97691961,41,1.696253321,23,307.548934,307.1115784,301.0047132,297.2081107,3,-1.760993873,1.878742224,1.989917317,5.72863421,5.727211129,NA,NA,NA,NA,NA,NA
Rajasthan,11,2013,0.194371126,0,1,0,61.97866542,30,1.436949156,24,7.194348237,35,6.078174333,23,306.311777,307.8431861,300.7570349,296.8123971,4,-1.637985927,4.12679022,0.362522224,5.724603462,5.729590517,NA,NA,NA,NA,NA,NA
Rajasthan,11,2014,0.182584032,0,1,0,5.009529204,30,11.03629619,30,8.612826753,36,4.176725737,31,308.434195,306.2762245,300.3503461,298.1993659,5,-1.700544763,1.611341939,2.401189495,5.731508514,5.724487389,NA,NA,NA,NA,NA,NA
Rajasthan,11,2015,0.19197509,0,1,0,54.71775103,30,5.697130732,30,37.3158923,39,4.814084411,40,306.2869507,308.1378435,300.59156,298.645278,6,-1.650389655,4.002188173,1.739962668,5.72452241,5.730547227,NA,NA,NA,NA,NA,NA
Rajasthan,11,2016,0.173947727,0,1,0,43.67912294,30,7.287110757,30,3.995858921,31,0.011890665,16,308.0885367,308.4866326,301.9993271,297.9540105,7,-1.749000444,3.776870252,1.986107138,5.730387198,5.731678512,NA,NA,NA,NA,NA,NA
Tamilnadu,12,2002,0.441696728,0,0,0,66.75246575,30,88.62827143,31,31.16863038,41,273.6533597,41,301.7164143,302.774799,301.9263578,298.7766544,-7,-0.817131768,4.200991237,4.484450897,5.709487551,5.712989292,NA,NA,NA,NA,1516.55,1516.55
Tamilnadu,12,2003,0.42290034,0,0,0,93.43731995,30,41.38130642,31,59.32581234,41,251.227828,41,302.3398127,303.5920745,301.9067105,298.6876468,-6,-0.860618731,4.537290837,3.722829243,5.711551592,5.71568494,NA,NA,NA,NA,1396.66,1396.66
Tamilnadu,12,2004,0.474205563,0,0,0,74.25000094,30,242.0263769,31,60.36218278,41,373.3712157,41,301.163721,300.8082916,302.5506568,298.1290529,-5,-0.746114374,4.30743779,5.489046716,5.70765404,5.706473157,21900322,2102673,NA,85,1872.83,1872.83
Tamilnadu,12,2005,0.473551962,0,0,0,73.38643139,30,76.92253677,31,160.4412215,41,388.5365865,41,302.2702353,303.0372255,301.3992324,298.3946722,-4,-0.747493632,4.29573906,4.342798899,5.711321436,5.713855654,24956705,2521885,NA,NA,2050.47,2050.47
Tamilnadu,12,2006,0.471034267,0,0,0,92.65639626,30,96.05330476,31,81.83197506,41,437.4250135,41,301.670086,302.4168045,301.7593576,298.3124029,-3,-0.752824434,4.528897987,4.564903295,5.70933399,5.711806213,28752968,3137477,67276.5,NA,1931.42,1931.42
Tamilnadu,12,2007,0.463360262,0,0,0,176.1198064,30,75.50304974,31,55.83150162,41,346.2897279,41,301.2310197,303.1814406,301.6323944,298.6216612,-2,-0.769250424,5.171164482,4.324173049,5.707877478,5.71433144,30515680,3574703,NA,NA,1789.18,1789.18
Tamilnadu,12,2008,0.472382631,0,0,0,76.45674424,30,78.52397711,31,224.4208041,41,236.2018388,41,301.7877723,302.9880539,300.2231356,298.9816654,-1,-0.749965963,4.336725146,4.363404019,5.70972403,5.713693379,32179336,3993740,NA,NA,1931.62,1931.62
Tamilnadu,12,2009,0.4761503,0,1,0,93.09722633,30,92.85106994,31,67.1273065,41,358.3342927,41,302.1689867,303.2460603,301.6289749,299.6744912,0,-0.742021718,4.533644391,4.530996811,5.710986419,5.714544556,NA,NA,NA,NA,1845.58,1845.58
Tamilnadu,12,2010,0.492765688,0,1,0,145.767587,30,80.31171637,31,30.00360528,41,300.1218024,41,301.891649,303.6150394,302.8922839,299.3575861,1,-0.707721496,4.982013483,4.385915518,5.710068175,5.715760581,NA,NA,NA,NA,NA,NA
Tamilnadu,12,2011,0.465148541,0,1,0,81.11765082,30,55.63790991,31,40.6542597,41,292.5377456,41,302.037687,303.1405519,301.772728,298.6780493,2,-0.765398481,4.39590058,4.018864802,5.710551801,5.714196566,NA,NA,NA,NA,NA,NA
Tamilnadu,12,2012,0.424586261,0,1,0,60.00610453,30,57.35327375,31,23.44438319,41,290.3513742,41,302.5768493,303.33514,302.2569,298.9341195,3,-0.856640088,4.094446299,4.049229926,5.712335293,5.714838267,NA,NA,NA,NA,NA,NA
Tamilnadu,12,2013,0.439818964,0,1,0,139.0146919,30,69.10090175,31,25.76213368,41,186.3435926,41,301.2675987,303.7703216,302.7369246,299.5856054,4,-0.821392082,4.934579625,4.235567781,5.707998902,5.716271895,NA,NA,NA,NA,NA,NA
Tamilnadu,12,2014,0.477494981,0,1,0,59.83314066,30,130.752267,31,15.45837696,41,353.0115937,41,303.5343003,303.3005461,302.5177515,298.9770651,5,-0.73920163,4.091559699,4.873304442,5.71549462,5.714724215,NA,NA,NA,NA,NA,NA
Tamilnadu,12,2015,0.528997232,0,1,0,89.4234594,30,153.7212275,31,97.76711139,41,422.6375542,41,301.963705,302.1997268,301.6695166,299.3543446,6,-0.63677208,4.493383057,5.035140751,5.710306828,5.711088146,NA,NA,NA,NA,NA,NA
Tamilnadu,12,2016,0.489836503,0,1,0,137.5634783,30,138.2662394,31,19.88557514,41,127.809716,41,301.567859,303.2751216,303.363419,300.3451983,7,-0.713683611,4.924085471,4.929181097,5.708995062,5.714640386,NA,NA,NA,NA,NA,NA
Telangana,13,2002,0.421518157,0,0,0,193.3952773,30,14.89197049,30,8.298507281,41,53.40820388,39,302.7867703,306.8422713,304.039128,298.301419,-7,-0.863892425,5.264736163,2.700822175,5.71302883,5.726333841,NA,NA,NA,NA,954.92,754.6
Telangana,13,2003,0.465668919,0,0,0,110.1935012,30,0.513944136,25,33.11147577,41,69.43609187,41,304.7934977,308.2269719,303.7871427,298.1113507,-6,-0.764280372,4.702237922,-0.665640704,5.71963449,5.730836433,NA,NA,NA,NA,1017.33,741.06
Telangana,13,2004,0.421278336,0,0,0,105.6711323,30,54.81377284,30,14.65437171,35,29.61863854,37,303.152832,304.76054,304.1607812,298.6069688,-5,-0.864461533,4.660331745,4.003941492,5.714237074,5.719526353,8994627,1401075,NA,57,858.53,650.86
Telangana,13,2005,0.435312745,0,0,0,65.95946126,30,18.0100741,29,15.3682996,41,132.9396596,30,305.063036,306.575511,303.6189615,297.2668776,-4,-0.831690552,4.18904033,2.890931273,5.720518431,5.72546409,10423333,1885913,NA,NA,1461.04,930.92
Telangana,13,2006,0.47661258,0,0,0,128.7462669,30,66.03574719,31,45.73428517,41,81.17786039,41,303.2812767,305.3422745,302.7218271,298.5201649,-3,-0.741051319,4.857843544,4.19019622,5.714660681,5.721433359,11634322,1960297,33498.125,NA,1489.01,959.81
Telangana,13,2007,0.437735667,0,0,0,282.3798843,30,13.7827704,31,15.29895469,34,40.61214981,36,302.5638393,306.9096574,303.2962898,298.1328229,-2,-0.826140051,5.643253272,2.62341929,5.712292294,5.726553429,12861773,2604591,NA,NA,1408,844
Telangana,13,2008,0.402741564,0,0,0,112.0605293,30,5.376420644,30,116.6456401,37,35.02842528,33,302.926178,306.6594116,301.9290593,298.6524929,-1,-0.909460203,4.719039165,1.682022845,5.713489139,5.725737723,14590178,3212082,NA,NA,1691.49,1025.71
Telangana,13,2009,0.4410933,0,1,0,58.11886441,30,33.22910578,31,6.359214419,41,49.63202069,33,304.6416767,306.6157461,303.5309383,299.3315088,0,-0.818498861,4.0624903,3.503426172,5.719136255,5.725595322,NA,NA,NA,NA,1115.02,594.89
Telangana,13,2010,0.431955165,0,1,0,112.8019317,30,70.71680654,31,4.613011207,40,157.5635853,41,304.0984637,307.1054397,305.0579541,298.7828502,1,-0.839433481,4.725633464,4.258683261,5.717351543,5.72719114,NA,NA,NA,NA,NA,NA
Telangana,13,2011,0.449574756,0,1,0,63.42532994,30,11.58806306,29,8.490814757,41,20.39694093,30,303.2050857,306.5089055,302.9379071,299.1937512,2,-0.79945313,4.149863308,2.449975522,5.714409427,5.72524681,NA,NA,NA,NA,NA,NA
Telangana,13,2012,0.429838134,0,1,0,108.09088,28,9.195126044,31,10.43977602,41,76.23515618,34,304.2886943,307.6166042,303.9250941,297.8605151,3,-0.844346574,4.682972354,2.218673566,5.717976903,5.728854216,NA,NA,NA,NA,NA,NA
Telangana,13,2013,0.443941441,0,1,0,293.5327421,30,8.421897686,31,6.80630781,39,120.0576925,36,301.6009213,307.8772771,304.1398973,298.01281,4,-0.812062615,5.681989191,2.130835181,5.709104691,5.729701253,NA,NA,NA,NA,NA,NA
Telangana,13,2014,0.414355858,0,1,0,45.22262956,30,43.62583323,30,6.576618681,35,99.67742328,35,305.1165457,305.3157306,303.3893873,298.9952212,5,-0.881030114,3.811597616,3.77564948,5.720693821,5.721346424,NA,NA,NA,NA,NA,NA
Telangana,13,2015,0.41121599,0,1,0,257.2471716,30,19.60963682,31,50.19996362,41,23.54519702,41,302.5775717,307.0923645,302.7439829,300.217199,6,-0.888636679,5.55003738,2.97602112,5.71233768,5.727148564,NA,NA,NA,NA,NA,NA
Telangana,13,2016,0.438968834,0,1,0,270.6462638,30,25.4674406,29,5.79154637,35,9.312094205,23,302.9806467,306.808961,305.5850412,298.4860227,7,-0.823326862,5.600812669,3.237400797,5.713668931,5.726225277,NA,NA,NA,NA,NA,NA
Uttar Pradesh,14,2002,0.362423224,0,0,0,73.76153398,30,25.63557311,30,4.595163775,41,18.19393331,40,305.4294127,305.7317277,300.8067641,296.239571,-7,-1.014942623,4.300837376,3.243980962,5.721718697,5.722708011,NA,NA,NA,NA,5213.51,5209.2
Uttar Pradesh,14,2003,0.361356555,0,0,0,159.7738165,30,5.227642021,30,12.02388111,41,5.407090871,40,305.7507017,305.7481848,300.2882027,296.0820717,-6,-1.017890121,5.073759168,1.65396032,5.722770069,5.722761838,NA,NA,NA,NA,5727.8,5719.92
Uttar Pradesh,14,2004,0.356809851,0,0,0,175.6811197,30,12.02191694,30,1.537620822,38,30.5166461,35,304.134515,305.9340084,302.2600739,295.2408498,-5,-1.030552269,5.168670532,2.486731395,5.717470087,5.72336942,26084066,7016710,NA,70,5934.47,5934.47
Uttar Pradesh,14,2005,0.364074403,0,0,0,106.2086097,29,8.32439819,30,7.010173541,36,16.29509226,34,307.3884257,305.6951174,300.3802,295.7700627,-4,-1.010397028,4.665405176,2.119190744,5.728112178,5.722588257,27781788,7660367,NA,NA,5571.55,5571.55
Uttar Pradesh,14,2006,0.387331169,0,0,0,142.1901922,30,32.65190755,31,27.05292594,41,7.187636568,41,304.796907,305.3360984,299.8206895,297.064329,-3,-0.948475218,4.957165543,3.485903278,5.719645676,5.721413132,30022535,8232034,183005,NA,5920.8,5902.63
Uttar Pradesh,14,2007,0.382226832,0,0,0,134.3956586,30,22.02129513,31,41.11996487,36,11.27232683,38,305.663483,305.2860781,300.1121173,296.4077829,-2,-0.961741046,4.900788126,3.092009946,5.722484768,5.721249298,32221349,9262309,NA,NA,5709.45,5690.61
Uttar Pradesh,14,2008,0.375473408,0,0,0,374.3795551,30,36.99917998,31,14.46416636,40,3.293921474,39,302.3679763,304.7921977,300.1350934,296.8819327,-1,-0.979567628,5.925270136,3.61089575,5.71164474,5.719630226,34472559,11789780,NA,NA,6033.39,6011.78
Uttar Pradesh,14,2009,0.3477551,0,1,0,52.0664583,29,27.29147958,31,12.87036098,39,20.57167946,38,307.2167053,305.355809,300.2973195,295.8893993,0,-1.056256783,3.952520947,3.30657455,5.727553379,5.721477684,NA,NA,NA,NA,5172.81,5148.12
Uttar Pradesh,14,2010,0.357299528,0,1,0,26.55927946,30,17.32323394,31,1.178383373,35,35.41454798,39,307.0909067,306.5497197,302.9951888,297.1849076,1,-1.029180835,3.279379195,2.852048603,5.727143817,5.72537996,NA,NA,NA,NA,NA,NA
Uttar Pradesh,14,2011,0.387623606,0,1,0,223.0084522,30,20.72992518,31,8.706827292,41,1.55680788,40,304.0544963,305.6398065,299.9600339,296.5518449,2,-0.947720498,5.407209673,3.031578317,5.71720695,5.722407306,NA,NA,NA,NA,NA,NA
Uttar Pradesh,14,2012,0.335381176,0,1,0,22.21748491,30,1.322273179,31,12.62427182,41,1.892051153,35,308.4108787,306.6177619,299.4207707,295.4950666,3,-1.092487555,3.100879588,0.279352361,5.731432916,5.725601897,NA,NA,NA,NA,NA,NA
Uttar Pradesh,14,2013,0.408115565,0,1,0,289.3527518,30,4.828836426,30,10.34555005,36,41.81608465,36,303.5938477,306.6150029,300.1695176,295.4149229,4,-0.896204897,5.667646538,1.574605533,5.715690781,5.725592898,NA,NA,NA,NA,NA,NA
Uttar Pradesh,14,2014,0.342105523,0,1,0,42.61572428,30,13.41789119,30,12.34028521,39,52.19918769,40,307.1902317,305.5087645,299.1797895,296.0921846,5,-1.072636043,3.7522233,2.59658898,5.727467203,5.721978467,NA,NA,NA,NA,NA,NA
Uttar Pradesh,14,2015,0.366045748,0,1,0,122.2109632,30,8.006733415,31,65.49617931,40,28.21062112,41,306.0952383,306.3822445,298.6665946,297.479699,6,-1.004996959,4.805748758,2.080282865,5.72389629,5.724833487,NA,NA,NA,NA,NA,NA
Uttar Pradesh,14,2016,0.381740819,0,1,0,97.99917905,30,34.48224633,30,17.44218519,35,0.348703648,36,305.9231653,305.6303542,301.5096163,296.4596695,7,-0.963013385,4.584959102,3.540444592,5.723333977,5.722376379,NA,NA,NA,NA,NA,NA
West Bengal,15,2002,0.508836499,0,0,0,493.4536119,30,195.0265152,31,86.88861536,41,114.3692186,41,301.5341703,301.7815274,299.9781302,296.9887027,-7,-0.675628534,6.201428856,5.273135525,5.708883344,5.709703336,NA,NA,NA,NA,5842.09,384.97
West Bengal,15,2003,0.491224512,0,0,0,443.6816623,30,117.4533883,31,114.0934799,41,91.37863191,41,301.8640687,302.5967126,299.5367551,297.6805166,-6,-0.710854001,6.095107328,4.76604156,5.709976812,5.712400937,NA,NA,NA,NA,5856.63,339.76
West Bengal,15,2004,0.500453919,0,0,0,356.7575004,30,141.6668947,31,66.28119767,41,19.02114296,41,301.8005123,303.5212097,300.8466602,297.0144754,-5,-0.692239754,5.87705628,4.95347849,5.709766244,5.715451492,20865636,4002017,NA,42,5783.62,320.83
West Bengal,15,2005,0.492004851,0,0,0,279.3511445,30,105.8634438,31,90.24398563,41,235.7201632,41,303.65994,302.4022077,300.0051105,296.7945788,-4,-0.709266703,5.632469573,4.662149998,5.715908457,5.711757945,22178946,4446464,NA,NA,5782.94,288.11
West Bengal,15,2006,0.526538431,0,0,0,263.4025456,30,231.5552888,31,47.42645636,41,44.47630467,41,301.9939917,301.9515519,300.3578729,297.7622254,-3,-0.641430957,5.573683454,5.444818673,5.710407122,5.71026658,23907712,4736330,85726,NA,5687.03,283.86
West Bengal,15,2007,0.510274643,0,0,0,450.9912571,30,94.12802286,31,48.41659777,41,79.03288732,41,302.164964,303.265329,300.0241137,297.5834739,-2,-0.672806183,6.111447954,4.544655801,5.710973107,5.714608096,25763218,5609876,NA,NA,5719.78,281.63
West Bengal,15,2008,0.503253927,0,0,0,498.4358331,30,158.2114512,31,52.31274937,41,58.6344644,41,301.033031,302.3460203,300.3444449,297.6367415,-1,-0.686660411,6.211474861,5.063932437,5.707219996,5.711572124,27024826,6036140,NA,NA,5935.71,292.46
West Bengal,15,2009,0.5067475,0,1,0,185.1740878,30,276.7731311,31,41.76121661,41,22.20269995,41,303.3225927,301.8958077,300.7710917,297.9657322,0,-0.679742427,5.221296398,5.623198149,5.714796901,5.71008195,NA,NA,NA,NA,5630.1,214.07
West Bengal,15,2010,0.515937001,0,1,0,356.0943374,30,187.8406896,31,48.57116216,41,63.5816084,41,302.680024,302.6502848,302.2498349,298.6801378,1,-0.661770612,5.875195688,5.235594208,5.712676221,5.712577963,NA,NA,NA,NA,NA,NA
West Bengal,15,2011,0.529213522,0,1,0,509.0569887,30,176.638488,31,77.79812912,41,42.62365079,41,302.0071633,301.880539,299.589119,297.5276656,2,-0.636363295,6.232559972,5.174105203,5.710450737,5.710031373,NA,NA,NA,NA,NA,NA
West Bengal,15,2012,0.481045331,0,1,0,266.1903662,30,75.1312436,31,69.02955698,41,58.00870824,41,303.6095497,303.7722687,299.7221373,297.0292312,3,-0.73179377,5.584211715,4.319236499,5.7157425,5.716278305,NA,NA,NA,NA,NA,NA
West Bengal,15,2013,0.548737401,0,1,0,296.1391589,30,199.7039249,31,46.73463095,41,166.3675379,41,302.169698,302.0111416,300.7581156,296.7665388,4,-0.600135274,5.690829475,5.296835894,5.710988773,5.710463909,NA,NA,NA,NA,NA,NA
West Bengal,15,2014,0.508720074,0,1,0,357.5169289,30,173.8524467,31,25.66617435,41,44.49421747,41,302.874432,302.5611268,300.594182,297.3689702,5,-0.675857367,5.879182715,5.158206932,5.713318304,5.712283329,NA,NA,NA,NA,NA,NA
West Bengal,15,2015,0.512432058,0,1,0,349.6300447,30,138.1443634,31,110.8662217,41,32.0288021,41,302.344352,302.8490823,299.808882,298.1540866,6,-0.668587147,5.85687558,4.92829925,5.711566606,5.713234603,NA,NA,NA,NA,NA,NA
West Bengal,15,2016,0.534716549,0,1,0,273.3294255,30,223.4776138,31,58.5638591,41,68.13146917,41,302.701505,302.0740768,301.3454707,297.9653124,7,-0.626018487,5.610677755,5.409311247,5.712747188,5.710672275,NA,NA,NA,NA,NA,NA
Treatment,0,2002,0.279405012,1,0,0,41.59169383,30,27.57777823,28.06502844,8.890715815,38,6.107920976,39.59754267,306.3069838,306.5051705,299.2238373,295.4175255,-7,-1.282745346,3.721064452,3.307299155,5.724586917,5.725232814,0,0,0,0,3435.66,3435.66
Treatment,0,2003,0.307105229,1,0,0,52.39647201,29.53251422,14.00417904,29.59754267,23.40836382,38,10.60954987,34.59754267,307.031892,304.9003927,298.5723404,294.7594526,-6,-1.199302787,3.958613287,2.639325165,5.726951054,5.719983898,0,0,0,0,3629.19,3629.19
Treatment,0,2004,0.31370379,1,0,0,52.18998775,30,9.702696878,27.13005689,2.395631923,29.792628,15.98294539,26.46748578,304.7963769,305.4377077,301.0046602,293.909591,-5,-1.168130688,3.952149079,2.260558984,5.719643159,5.721744196,19263363,5111199,0,128.170512,3824.24,3824.24
Treatment,0,2005,0.320047229,1,0,0,64.71843599,30,21.7544956,30.53251422,28.81017927,37,1.477340083,24.13005689,307.1046295,304.2849567,297.5472356,294.7220005,-4,-1.152797718,4.165330676,3.063823251,5.72718774,5.717960659,20716387,5474582,0,0,3688.61,3688.61
Treatment,0,2006,0.323540518,1,0,0,56.65073882,30,22.53408693,31,42.05406937,41,19.34886411,40,305.2219602,306.2780859,297.4769226,295.9464352,-3,-1.142200704,4.031074905,3.113241562,5.721038898,5.724492889,22934173,6514109,49299,0,3663.06,3663.06
Treatment,0,2007,0.340851266,1,0,0,87.52902224,30,16.69929414,31,76.83826608,30.06502844,1.832500217,23.59754267,306.1157194,305.5298556,298.5160918,295.6034927,-2,-1.091594677,4.439465151,2.815295114,5.723962018,5.722046254,24939399,7785221,0,0,3682.57,3682.57
Treatment,0,2008,0.322541247,1,0,0,199.1241734,30,45.16650819,30.46748578,45.17405611,40,10.6235151,30.53251422,303.3399929,304.0686244,298.1398689,296.1263566,-1,-1.132857413,5.292615867,3.80789083,5.714854247,5.717253363,26690870,9256799,0,0,3946.17,3946.17
Treatment,0,2009,0.227682543,1,1,1,16.37026772,28.06502844,20.19431141,30,34.79876524,37.53251422,13.49369923,29.59754267,307.098397,305.2876374,297.7388934,294.6873129,0,-1.485034026,2.767732211,3.005323781,5.727167369,5.721253412,0,0,0,0,4008.45,4008.45
Treatment,0,2010,0.292012956,1,1,1,47.50795933,30,24.29563069,31,4.949572899,37.66257111,18.81477073,32.93497156,306.1081577,306.7215997,301.8566572,295.5071421,1,-1.244419532,3.859282139,3.174896911,5.72393793,5.725937598,0,0,0,0,0,0
Treatment,0,2011,0.311075382,1,1,1,81.26980055,30,29.1450099,31,31.28588621,41,1.017725063,30,304.7657039,305.4993298,297.117773,295.7424503,2,-1.172190691,4.397526441,3.36470575,5.719542983,5.721947248,0,0,0,0,0,0
Treatment,0,2012,0.215542739,1,1,1,9.557633227,29.53251422,5.506137083,31,18.83892645,41,6.862907226,35.06502844,307.873433,305.4835899,297.1079567,294.4083585,3,-1.536113969,2.185252791,1.628957007,5.729687122,5.72189441,0,0,0,0,0,0
Treatment,0,2013,0.27394774,1,1,1,99.63015144,30,7.349863927,26.66257111,34.76723132,37.53251422,16.99332455,29.06502844,305.5833099,305.9265159,297.4980164,294.422402,4,-1.29877164,4.529810344,1.873148931,5.722222284,5.723343753,0,0,0,0,0,0
Treatment,0,2014,0.278876635,1,1,1,27.12544206,27.66257111,24.35540264,31,77.53801543,38.93497156,9.29202251,30.13005689,307.4648973,303.9914646,295.9834698,294.9265807,5,-1.283002726,3.276725191,3.139222039,5.728360382,5.716998568,0,0,0,0,0,0
Treatment,0,2015,0.256144163,1,1,1,73.68590764,30,16.22888788,29.46748578,112.3192428,36.46748578,27.41819331,40,305.0588088,305.412404,296.5809364,295.7747304,6,-1.363531505,4.297421534,2.769298472,5.720503771,5.721660241,0,0,0,0,0,0
Treatment,0,2016,0.343454354,1,1,1,58.03313385,30,29.29661445,29.06502844,50.76270541,35.19508533,0.369938156,28.13005689,306.6554393,305.9746418,298.6505779,295.9498661,7,-1.076753317,4.061013959,3.377423193,5.725724648,5.723501623,0,0,0,0,0,0
